GlobalId,Name,ObjectType,Storey,Shape,Diameter_mm,Width_mm,Height_mm,Geometry_Length_mm,QTO_Length_mm,Geometry_Area_m2,QTO_GrossArea_m2,QTO_NetArea_m2,QTO_OuterSurfaceArea_m2,Length_Difference_mm,Length_Match,Area_Difference_pct,Area_Match,ProfileType,CurveType,DimensionSource,GeometryStatus
3TIe45XffAO8vSs7ykYfD4,丸型ダクト:00_丸タップ:40699213,丸型ダクト:00_丸タップ,1FL,ROUND,150.0,,,3800.0,3800.0,0.017671459,0.017668802,0.017668802,1.790707813,0.0,True,0.015038,False,IfcArbitraryClosedProfileDef,IfcIndexedPolyCurve,IFC_GEOMETRY,OK
0gyJpiDnLEBwg3f_Wgufel,丸型ダクト:00_丸ティー:40745388,丸型ダクト:00_丸ティー,1FL,ROUND,200.0,,,4000.0,4000.0,0.031415927,0.031411203,0.031411203,2.513274123,0.0,True,0.015038,False,IfcArbitraryClosedProfileDef,IfcIndexedPolyCurve,IFC_GEOMETRY,OK
0gyJpiDnLEBwg3f_WgufWS,丸型ダクト:00_丸タップ:40745887,丸型ダクト:00_丸タップ,1FL,ROUND,250.0,,,3900.0,3900.0,0.049087385,0.049080005,0.049080005,3.063052837,0.0,True,0.015038,False,IfcArbitraryClosedProfileDef,IfcIndexedPolyCurve,IFC_GEOMETRY,OK
0gyJpiDnLEBwg3f_WgufXP,丸型ダクト:00_丸ティー:40745946,丸型ダクト:00_丸ティー,1FL,ROUND,250.0,,,3900.0,3900.0,0.049087385,0.049080005,0.049080005,3.063052837,0.0,True,0.015038,False,IfcArbitraryClosedProfileDef,IfcIndexedPolyCurve,IFC_GEOMETRY,OK
2Bsml8mET6dOcU05ZdRiPo,角型ダクト:00_角タップ:41233542,角型ダクト:00_角タップ,1FL,RECTANGULAR,,750.0,650.0,400.0,400.0,0.4875,0.4875,0.4875,1.12,0.0,True,0.0,True,IfcArbitraryClosedProfileDef,IfcIndexedPolyCurve,IFC_GEOMETRY,OK
2Bsml8mET6dOcU05ZdRiPp,角型ダクト:00_角タップ:41233543,角型ダクト:00_角タップ,2FL,RECTANGULAR,,700.0,675.0,400.0,400.0,0.4725,0.4725,0.4725,1.1,0.0,True,0.0,True,IfcArbitraryClosedProfileDef,IfcIndexedPolyCurve,IFC_GEOMETRY,OK
2Bsml8mET6dOcU05ZdRiPy,角型ダクト:00_角タップ:41233544,角型ダクト:00_角タップ,4FL,RECTANGULAR,,750.0,637.626,450.0,450.0,0.478219597,0.478219597,0.478219597,1.248863516,0.0,True,0.0,True,IfcArbitraryClosedProfileDef,IfcIndexedPolyCurve,IFC_GEOMETRY,OK
2Bsml8mET6dOcU05ZdRiPa,角型ダクト:00_角タップ:41233552,角型ダクト:00_角タップ,2FL,RECTANGULAR,,700.0,298.5,400.0,400.0,0.20895,0.20895,0.20895,0.7988,0.0,True,0.0,True,IfcArbitraryClosedProfileDef,IfcIndexedPolyCurve,IFC_GEOMETRY,OK
2Bsml8mET6dOcU05ZdRiPk,角型ダクト:00_角タップ:41233562,角型ダクト:00_角タップ,4FL,RECTANGULAR,,750.0,484.0,450.0,450.0,0.363,0.363,0.363,1.1106,0.0,True,0.0,True,IfcArbitraryClosedProfileDef,IfcIndexedPolyCurve,IFC_GEOMETRY,OK
2Bsml8mET6dOcU05ZdRiPM,角型ダクト:00_角タップ:41233570,角型ダクト:00_角タップ,4FL,RECTANGULAR,,1742.276,750.0,450.0,450.0,1.306707064,1.306707064,1.306707064,2.243048477,0.0,True,0.0,True,IfcArbitraryClosedProfileDef,IfcIndexedPolyCurve,IFC_GEOMETRY,OK
2Bsml8mET6dOcU05ZdRiPI,角型ダクト:00_角タップ:41233574,角型ダクト:00_角タップ,4FL,RECTANGULAR,,771.816,600.0,400.0,400.0,0.463089612,0.463089612,0.463089612,1.097452816,0.0,True,0.0,True,IfcArbitraryClosedProfileDef,IfcIndexedPolyCurve,IFC_GEOMETRY,OK
2Bsml8mET6dOcU05ZdRiPJ,角型ダクト:00_角タップ:41233575,角型ダクト:00_角タップ,4FL,RECTANGULAR,,1329.618,600.0,400.0,400.0,0.797770956,0.797770956,0.797770956,1.543694608,0.0,True,0.0,True,IfcArbitraryClosedProfileDef,IfcIndexedPolyCurve,IFC_GEOMETRY,OK
2Bsml8mET6dOcU05ZdRiPS,角型ダクト:00_角タップ:41233576,角型ダクト:00_角タップ,4FL,RECTANGULAR,,600.0,400.0,729.289,729.289,0.24,0.24,0.24,1.458578644,0.0,True,0.0,True,IfcArbitraryClosedProfileDef,IfcIndexedPolyCurve,IFC_GEOMETRY,OK
2Bsml8mET6dOcU05ZdRiPU,角型ダクト:00_角タップ:41233578,角型ダクト:00_角タップ,4FL,RECTANGULAR,,450.0,240.131,400.0,400.0,0.108058975,0.108058975,0.108058975,0.552104844,0.0,True,0.0,True,IfcArbitraryClosedProfileDef,IfcIndexedPolyCurve,IFC_GEOMETRY,OK
2Bsml8mET6dOcU05ZdRiPV,角型ダクト:00_角タップ:41233579,角型ダクト:00_角タップ,4FL,RECTANGULAR,,450.0,3.76,400.0,400.0,0.001692221,0.001692221,0.001692221,0.363008392,0.0,True,0.0,True,IfcArbitraryClosedProfileDef,IfcIndexedPolyCurve,IFC_GEOMETRY,OK
2Bsml8mET6dOcU05ZdRiO_,角型ダクト:00_角タップ:41233610,角型ダクト:00_角タップ,2FL,RECTANGULAR,,520.541,300.0,400.0,400.0,0.156162448,0.156162448,0.156162448,0.656433194,0.0,True,0.0,True,IfcArbitraryClosedProfileDef,IfcIndexedPolyCurve,IFC_GEOMETRY,OK
2Bsml8mET6dOcU05ZdRiOu,角型ダクト:00_角タップ:41233612,角型ダクト:00_角タップ,2FL,RECTANGULAR,,500.0,100.0,400.0,400.0,0.05,0.05,0.05,0.48,0.0,True,0.0,True,IfcArbitraryClosedProfileDef,IfcIndexedPolyCurve,IFC_GEOMETRY,OK
2Bsml8mET6dOcU05ZdRiOv,角型ダクト:00_角タップ:41233613,角型ダクト:00_角タップ,2FL,RECTANGULAR,,909.254,300.0,400.0,400.0,0.272776245,0.272776245,0.272776245,0.96740332,0.0,True,0.0,True,IfcArbitraryClosedProfileDef,IfcIndexedPolyCurve,IFC_GEOMETRY,OK
2Bsml8mET6dOcU05ZdRiOw,角型ダクト:00_角タップ:41233614,角型ダクト:00_角タップ,2FL,RECTANGULAR,,400.0,128.249,700.0,700.0,0.051299423,0.051299423,0.051299423,0.739547981,0.0,True,0.0,True,IfcArbitraryClosedProfileDef,IfcIndexedPolyCurve,IFC_GEOMETRY,OK
2Bsml8mET6dOcU05ZdRiOa,角型ダクト:00_角タップ:41233616,角型ダクト:00_角タップ,2FL,RECTANGULAR,,300.0,128.249,400.0,400.0,0.038474567,0.038474567,0.038474567,0.342598846,0.0,True,0.0,True,IfcArbitraryClosedProfileDef,IfcIndexedPolyCurve,IFC_GEOMETRY,OK
2Bsml8mET6dOcU05ZdRiOX,角型ダクト:00_角タップ:41233621,角型ダクト:00_角タップ,1FL,RECTANGULAR,,1816.409,500.0,400.0,400.0,0.908204446,0.908204446,0.908204446,1.853127113,0.0,True,0.0,True,IfcArbitraryClosedProfileDef,IfcIndexedPolyCurve,IFC_GEOMETRY,OK
2Bsml8mET6dOcU05ZdRiOi,角型ダクト:00_角タップ:41233624,角型ダクト:00_角タップ,1FL,RECTANGULAR,,2373.314,300.0,400.0,400.0,0.71199423,0.71199423,0.71199423,2.138651279,0.0,True,0.0,True,IfcArbitraryClosedProfileDef,IfcIndexedPolyCurve,IFC_GEOMETRY,OK
2Bsml8mET6dOcU05ZdRiOf,角型ダクト:00_角タップ:41233629,角型ダクト:00_角タップ,1FL,RECTANGULAR,,600.0,100.0,400.0,400.0,0.06,0.06,0.06,0.56,0.0,True,0.0,True,IfcArbitraryClosedProfileDef,IfcIndexedPolyCurve,IFC_GEOMETRY,OK
2Bsml8mET6dOcU05ZdRiOg,角型ダクト:00_角タップ:41233630,角型ダクト:00_角タップ,1FL,RECTANGULAR,,1655.613,600.0,400.0,400.0,0.993367547,0.993367547,0.993367547,1.804490063,0.0,True,0.0,True,IfcArbitraryClosedProfileDef,IfcIndexedPolyCurve,IFC_GEOMETRY,OK
2Bsml8mET6dOcU05ZdRiOh,角型ダクト:00_角タップ:41233631,角型ダクト:00_角タップ,1FL,RECTANGULAR,,300.0,100.0,400.0,400.0,0.03,0.03,0.03,0.32,0.0,True,0.0,True,IfcArbitraryClosedProfileDef,IfcIndexedPolyCurve,IFC_GEOMETRY,OK
2Bsml8mET6dOcU05ZdRiOK,角型ダクト:00_角タップ:41233632,角型ダクト:00_角タップ,1FL,RECTANGULAR,,2713.604,300.0,400.0,400.0,0.814081169,0.814081169,0.814081169,2.410883118,0.0,True,0.0,True,IfcArbitraryClosedProfileDef,IfcIndexedPolyCurve,IFC_GEOMETRY,OK
2Bsml8mET6dOcU05ZdRiOL,角型ダクト:00_角タップ:41233633,角型ダクト:00_角タップ,1FL,RECTANGULAR,,500.0,472.768,400.0,400.0,0.236384123,0.236384123,0.236384123,0.778214597,0.0,True,0.0,True,IfcArbitraryClosedProfileDef,IfcIndexedPolyCurve,IFC_GEOMETRY,OK
2Bsml8mET6dOcU05ZdRiOM,角型ダクト:00_角タップ:41233634,角型ダクト:00_角タップ,1FL,RECTANGULAR,,400.0,128.249,500.0,500.0,0.051299423,0.051299423,0.051299423,0.528248558,0.0,True,0.0,True,IfcArbitraryClosedProfileDef,IfcIndexedPolyCurve,IFC_GEOMETRY,OK
2Bsml8mET6dOcU05ZdRiOG,角型ダクト:00_角タップ:41233636,角型ダクト:00_角タップ,1FL,RECTANGULAR,,400.0,128.249,600.0,600.0,0.051299423,0.051299423,0.051299423,0.633898269,0.0,True,0.0,True,IfcArbitraryClosedProfileDef,IfcIndexedPolyCurve,IFC_GEOMETRY,OK
2Bsml8mET6dOcU05ZdRiOH,角型ダクト:00_角タップ:41233637,角型ダクト:00_角タップ,1FL,RECTANGULAR,,587.868,400.0,750.0,750.0,0.235147186,0.235147186,0.235147186,1.481801948,0.0,True,0.0,True,IfcArbitraryClosedProfileDef,IfcIndexedPolyCurve,IFC_GEOMETRY,OK
2Bsml8mET6dOcU05ZdRiOJ,角型ダクト:00_角タップ:41233639,角型ダクト:00_角タップ,1FL,RECTANGULAR,,300.0,128.249,400.0,400.0,0.038474567,0.038474567,0.038474567,0.342598846,0.0,True,0.0,True,IfcArbitraryClosedProfileDef,IfcIndexedPolyCurve,IFC_GEOMETRY,OK
2Bsml8mET6dOcU05ZdRiOS,角型ダクト:00_角タップ:41233640,角型ダクト:00_角タップ,1FL,RECTANGULAR,,300.0,128.249,400.0,400.0,0.038474567,0.038474567,0.038474567,0.342598846,0.0,True,0.0,True,IfcArbitraryClosedProfileDef,IfcIndexedPolyCurve,IFC_GEOMETRY,OK
2Bsml8mET6dOcU05ZdRiO1,角型ダクト:00_角タップ:41233653,角型ダクト:00_角タップ,2FL,RECTANGULAR,,500.0,79.25,400.0,400.0,0.039624801,0.039624801,0.039624801,0.463399681,0.0,True,0.0,True,IfcArbitraryClosedProfileDef,IfcIndexedPolyCurve,IFC_GEOMETRY,OK
2Bsml8mET6dOcU05ZdRiO2,角型ダクト:00_角タップ:41233654,角型ダクト:00_角タップ,2FL,RECTANGULAR,,400.0,128.249,500.0,500.0,0.051299423,0.051299423,0.051299423,0.528248558,0.0,True,0.0,True,IfcArbitraryClosedProfileDef,IfcIndexedPolyCurve,IFC_GEOMETRY,OK
2Bsml8mET6dOcU05ZdRiOE,角型ダクト:00_角タップ:41233658,角型ダクト:00_角タップ,2FL,RECTANGULAR,,400.0,128.249,700.0,700.0,0.051299423,0.051299423,0.051299423,0.739547981,0.0,True,0.0,True,IfcArbitraryClosedProfileDef,IfcIndexedPolyCurve,IFC_GEOMETRY,OK
2Bsml8mET6dOcU05ZdRiO8,角型ダクト:00_角タップ:41233660,角型ダクト:00_角タップ,2FL,RECTANGULAR,,700.0,345.0,400.0,400.0,0.2415,0.2415,0.2415,0.836,0.0,True,0.0,True,IfcArbitraryClosedProfileDef,IfcIndexedPolyCurve,IFC_GEOMETRY,OK
2Bsml8mET6dOcU05ZdRiOA,角型ダクト:00_角タップ:41233662,角型ダクト:00_角タップ,2FL,RECTANGULAR,,400.0,128.249,700.0,700.0,0.051299423,0.051299423,0.051299423,0.739547981,0.0,True,0.0,True,IfcArbitraryClosedProfileDef,IfcIndexedPolyCurve,IFC_GEOMETRY,OK
2Bsml8mET6dOcU05ZdRiVq,角型ダクト:00_角タップ:41233664,角型ダクト:00_角タップ,2FL,RECTANGULAR,,700.0,145.604,400.0,400.0,0.101922728,0.101922728,0.101922728,0.676483118,0.0,True,0.0,True,IfcArbitraryClosedProfileDef,IfcIndexedPolyCurve,IFC_GEOMETRY,OK
2Bsml8mET6dOcU05ZdRjjm,角型ダクト:00_角タップ:41234820,角型ダクト:00_角タップ,2FL,RECTANGULAR,,3826.758,700.0,400.0,400.0,2.67873081,2.67873081,2.67873081,3.62140664,0.0,True,0.0,True,IfcArbitraryClosedProfileDef,IfcIndexedPolyCurve,IFC_GEOMETRY,OK
2Bsml8mET6dOcU05ZdRjMk,角型ダクト:00_角タップ:41238362,角型ダクト:00_角タップ,4FL,RECTANGULAR,,600.265,300.0,400.0,400.0,0.180079514,0.180079514,0.180079514,0.720212037,0.0,True,0.0,True,IfcArbitraryClosedProfileDef,IfcIndexedPolyCurve,IFC_GEOMETRY,OK
2Bsml8mET6dOcU05ZdRggS,角型ダクト:00_角タップ:41238632,角型ダクト:00_角タップ,2FL,RECTANGULAR,,698.009,300.0,400.0,400.0,0.20940261,0.20940261,0.20940261,0.798406959,0.0,True,0.0,True,IfcArbitraryClosedProfileDef,IfcIndexedPolyCurve,IFC_GEOMETRY,OK
2Bsml8mET6dOcU05ZdRggT,角型ダクト:00_角タップ:41238633,角型ダクト:00_角タップ,2FL,RECTANGULAR,,400.0,300.0,729.289,729.289,0.12,0.12,0.12,1.021005051,0.0,True,0.0,True,IfcArbitraryClosedProfileDef,IfcIndexedPolyCurve,IFC_GEOMETRY,OK
2Bsml8mET6dOcU05ZdRggQ,角型ダクト:00_角タップ:41238638,角型ダクト:00_角タップ,4FL,RECTANGULAR,,450.0,53.062,400.0,400.0,0.023877686,0.023877686,0.023877686,0.40244922,0.0,True,0.0,True,IfcArbitraryClosedProfileDef,IfcIndexedPolyCurve,IFC_GEOMETRY,OK
2Bsml8mET6dOcU05ZdRggR,角型ダクト:00_角タップ:41238639,角型ダクト:00_角タップ,4FL,RECTANGULAR,,400.0,128.249,450.0,450.0,0.051299423,0.051299423,0.051299423,0.475423702,0.0,True,0.0,True,IfcArbitraryClosedProfileDef,IfcIndexedPolyCurve,IFC_GEOMETRY,OK
2Bsml8mET6dOcU05ZdRgg0,角型ダクト:00_角タップ:41238644,角型ダクト:00_角タップ,2FL,RECTANGULAR,,500.0,10.794,400.0,400.0,0.005397205,0.005397205,0.005397205,0.408635528,0.0,True,0.0,True,IfcArbitraryClosedProfileDef,IfcIndexedPolyCurve,IFC_GEOMETRY,OK
2Bsml8mET6dOcU05ZdRgg2,角型ダクト:00_角タップ:41238646,角型ダクト:00_角タップ,2FL,RECTANGULAR,,500.0,400.0,729.289,729.289,0.2,0.2,0.2,1.312720779,0.0,True,0.0,True,IfcArbitraryClosedProfileDef,IfcIndexedPolyCurve,IFC_GEOMETRY,OK
2Bsml8mET6dOcU05ZdRggE,角型ダクト:00_角タップ:41238650,角型ダクト:00_角タップ,1FL,RECTANGULAR,,649.094,500.0,400.0,400.0,0.324547133,0.324547133,0.324547133,0.919275412,0.0,True,0.0,True,IfcArbitraryClosedProfileDef,IfcIndexedPolyCurve,IFC_GEOMETRY,OK
2Bsml8mET6dOcU05ZdRggF,角型ダクト:00_角タップ:41238651,角型ダクト:00_角タップ,1FL,RECTANGULAR,,500.0,400.0,729.289,729.289,0.2,0.2,0.2,1.312720779,0.0,True,0.0,True,IfcArbitraryClosedProfileDef,IfcIndexedPolyCurve,IFC_GEOMETRY,OK
2Bsml8mET6dOcU05ZdRgfq,角型ダクト:00_角タップ:41238656,角型ダクト:00_角タップ,1FL,RECTANGULAR,,600.0,532.843,400.0,400.0,0.319706062,0.319706062,0.319706062,0.906274749,0.0,True,0.0,True,IfcArbitraryClosedProfileDef,IfcIndexedPolyCurve,IFC_GEOMETRY,OK
2Bsml8mET6dOcU05ZdRgfr,角型ダクト:00_角タップ:41238657,角型ダクト:00_角タップ,1FL,RECTANGULAR,,400.0,128.249,600.0,600.0,0.051299423,0.051299423,0.051299423,0.633898269,0.0,True,0.0,True,IfcArbitraryClosedProfileDef,IfcIndexedPolyCurve,IFC_GEOMETRY,OK
2Bsml8mET6dOcU05ZdRgfo,角型ダクト:00_角タップ:41238662,角型ダクト:00_角タップ,4FL,RECTANGULAR,,600.0,360.63,400.0,400.0,0.216377967,0.216377967,0.216377967,0.768503956,0.0,True,0.0,True,IfcArbitraryClosedProfileDef,IfcIndexedPolyCurve,IFC_GEOMETRY,OK
2Bsml8mET6dOcU05ZdRgfy,角型ダクト:00_角タップ:41238664,角型ダクト:00_角タップ,4FL,RECTANGULAR,,600.0,400.0,729.289,729.289,0.24,0.24,0.24,1.458578644,0.0,True,0.0,True,IfcArbitraryClosedProfileDef,IfcIndexedPolyCurve,IFC_GEOMETRY,OK
0qk4soxK92_O34hXRSKjdg,角型ダクト:00_角タップ:41277374,角型ダクト:00_角タップ,3FL,RECTANGULAR,,899.578,750.0,550.0,550.0,0.674683445,0.674683445,0.674683445,1.814535719,0.0,True,0.0,True,IfcArbitraryClosedProfileDef,IfcIndexedPolyCurve,IFC_GEOMETRY,OK
0qk4soxK92_O34hXRSKjeM,角型ダクト:00_角タップ:41277378,角型ダクト:00_角タップ,3FL,RECTANGULAR,,750.0,584.0,550.0,550.0,0.438,0.438,0.438,1.4674,0.0,True,0.0,True,IfcArbitraryClosedProfileDef,IfcIndexedPolyCurve,IFC_GEOMETRY,OK
0qk4soxK92_O34hXRSKjeJ,角型ダクト:00_角タップ:41277383,角型ダクト:00_角タップ,3FL,RECTANGULAR,,804.998,650.0,400.0,400.0,0.523248861,0.523248861,0.523248861,1.163998598,0.0,True,0.0,True,IfcArbitraryClosedProfileDef,IfcIndexedPolyCurve,IFC_GEOMETRY,OK
0qk4soxK92_O34hXRSKjeS,角型ダクト:00_角タップ:41277384,角型ダクト:00_角タップ,3FL,RECTANGULAR,,596.582,550.0,400.0,400.0,0.328120088,0.328120088,0.328120088,0.917265582,0.0,True,0.0,True,IfcArbitraryClosedProfileDef,IfcIndexedPolyCurve,IFC_GEOMETRY,OK
0qk4soxK92_O34hXRSKjeT,角型ダクト:00_角タップ:41277385,角型ダクト:00_角タップ,3FL,RECTANGULAR,,1721.381,750.0,550.0,550.0,1.291035953,1.291035953,1.291035953,2.718519397,0.0,True,0.0,True,IfcArbitraryClosedProfileDef,IfcIndexedPolyCurve,IFC_GEOMETRY,OK
0qk4soxK92_O34hXRSKjeU,角型ダクト:00_角タップ:41277386,角型ダクト:00_角タップ,3FL,RECTANGULAR,,550.0,164.942,400.0,400.0,0.090717949,0.090717949,0.090717949,0.57195338,0.0,True,0.0,True,IfcArbitraryClosedProfileDef,IfcIndexedPolyCurve,IFC_GEOMETRY,OK
0qk4soxK92_O34hXRSKjeV,角型ダクト:00_角タップ:41277387,角型ダクト:00_角タップ,3FL,RECTANGULAR,,2568.333,300.0,400.0,400.0,0.770499831,0.770499831,0.770499831,2.294666217,0.0,True,0.0,True,IfcArbitraryClosedProfileDef,IfcIndexedPolyCurve,IFC_GEOMETRY,OK
0qk4soxK92_O34hXRSKjeQ,角型ダクト:00_角タップ:41277390,角型ダクト:00_角タップ,3FL,RECTANGULAR,,550.0,400.0,729.289,729.289,0.22,0.22,0.22,1.385649712,0.0,True,0.0,True,IfcArbitraryClosedProfileDef,IfcIndexedPolyCurve,IFC_GEOMETRY,OK
0qk4soxK92_O34hXRSKje5,角型ダクト:00_角タップ:41277393,角型ダクト:00_角タップ,3FL,RECTANGULAR,,400.0,128.249,550.0,550.0,0.051299423,0.051299423,0.051299423,0.581073414,0.0,True,0.0,True,IfcArbitraryClosedProfileDef,IfcIndexedPolyCurve,IFC_GEOMETRY,OK
0qk4soxK92_O34hXRSKje7,角型ダクト:00_角タップ:41277395,角型ダクト:00_角タップ,3FL,RECTANGULAR,,532.768,300.0,400.0,400.0,0.159830498,0.159830498,0.159830498,0.666214661,0.0,True,0.0,True,IfcArbitraryClosedProfileDef,IfcIndexedPolyCurve,IFC_GEOMETRY,OK
0qk4soxK92_O34hXRSKje0,角型ダクト:00_角タップ:41277396,角型ダクト:00_角タップ,3FL,RECTANGULAR,,300.0,112.701,400.0,400.0,0.03381036,0.03381036,0.03381036,0.33016096,0.0,True,0.0,True,IfcArbitraryClosedProfileDef,IfcIndexedPolyCurve,IFC_GEOMETRY,OK
0qk4soxK92_O34hXRSKje1,角型ダクト:00_角タップ:41277397,角型ダクト:00_角タップ,3FL,RECTANGULAR,,300.0,128.249,400.0,400.0,0.038474567,0.038474567,0.038474567,0.342598846,0.0,True,0.0,True,IfcArbitraryClosedProfileDef,IfcIndexedPolyCurve,IFC_GEOMETRY,OK
0qk4soxK92_O34hXRSKje2,角型ダクト:00_角タップ:41277398,角型ダクト:00_角タップ,3FL,RECTANGULAR,,400.0,300.0,729.289,729.289,0.12,0.12,0.12,1.021005051,0.0,True,0.0,True,IfcArbitraryClosedProfileDef,IfcIndexedPolyCurve,IFC_GEOMETRY,OK
0qk4soxK92_O34hXRSKjeF,角型ダクト:00_角タップ:41277403,角型ダクト:00_角タップ,3FL,RECTANGULAR,,2597.395,550.0,400.0,400.0,1.428567239,1.428567239,1.428567239,2.517915985,0.0,True,0.0,True,IfcArbitraryClosedProfileDef,IfcIndexedPolyCurve,IFC_GEOMETRY,OK
0qk4soxK92_O34hXRSKje9,角型ダクト:00_角タップ:41277405,角型ダクト:00_角タップ,3FL,RECTANGULAR,,1474.521,650.0,400.0,400.0,0.958438636,0.958438636,0.958438636,1.699616783,0.0,True,0.0,True,IfcArbitraryClosedProfileDef,IfcIndexedPolyCurve,IFC_GEOMETRY,OK
0qk4soxK92_O34hXRSKjeA,角型ダクト:00_角タップ:41277406,角型ダクト:00_角タップ,3FL,RECTANGULAR,,650.0,642.514,400.0,400.0,0.417634137,0.417634137,0.417634137,1.034011245,0.0,True,0.0,True,IfcArbitraryClosedProfileDef,IfcIndexedPolyCurve,IFC_GEOMETRY,OK
0qk4soxK92_O34hXRSKjeB,角型ダクト:00_角タップ:41277407,角型ダクト:00_角タップ,3FL,RECTANGULAR,,400.0,128.249,650.0,650.0,0.051299423,0.051299423,0.051299423,0.686723125,0.0,True,0.0,True,IfcArbitraryClosedProfileDef,IfcIndexedPolyCurve,IFC_GEOMETRY,OK
0qk4soxK92_O34hXRSKjer,角型ダクト:00_角タップ:41277409,角型ダクト:00_角タップ,3FL,RECTANGULAR,,446.447,400.0,650.0,650.0,0.178578644,0.178578644,0.178578644,1.100380592,0.0,True,0.0,True,IfcArbitraryClosedProfileDef,IfcIndexedPolyCurve,IFC_GEOMETRY,OK
2Et$xRkfr76u64CWYGUom$,角型ダクト:00_角タップ:41295912,角型ダクト:00_角タップ,4FL,RECTANGULAR,,450.0,139.144,750.0,750.0,0.062614772,0.062614772,0.062614772,0.883715906,0.0,True,0.0,True,IfcArbitraryClosedProfileDef,IfcIndexedPolyCurve,IFC_GEOMETRY,OK
0cvR1_ETfB2e064iFLIaIJ,角型ダクト:00_角ティー:41594042,角型ダクト:00_角ティー,3FL,RECTANGULAR,,367.192,350.0,250.0,250.0,0.128517361,0.128517361,0.128517361,0.35859623,0.0,True,0.0,True,IfcArbitraryClosedProfileDef,IfcIndexedPolyCurve,IFC_GEOMETRY,OK
0cvR1_ETfB2e064iFLIaLG,角型ダクト:00_角タップ:41594233,角型ダクト:00_角タップ,3FL,RECTANGULAR,,3149.623,350.0,250.0,250.0,1.102368173,1.102368173,1.102368173,1.749811676,0.0,True,0.0,True,IfcArbitraryClosedProfileDef,IfcIndexedPolyCurve,IFC_GEOMETRY,OK
0cvR1_ETfB2e064iFLIaPA,角型ダクト:00_角タップ:41594467,角型ダクト:00_角タップ,3FL,RECTANGULAR,,350.0,250.0,500.0,500.0,0.0875,0.0875,0.0875,0.6,0.0,True,0.0,True,IfcArbitraryClosedProfileDef,IfcIndexedPolyCurve,IFC_GEOMETRY,OK
1gQvR_ELf7rgJQw_kwubK2,角型ダクト:00_角タップ:41595743,角型ダクト:00_角タップ,3FL,RECTANGULAR,,417.132,350.0,250.0,250.0,0.145996352,0.145996352,0.145996352,0.383566217,0.0,True,0.0,True,IfcArbitraryClosedProfileDef,IfcIndexedPolyCurve,IFC_GEOMETRY,OK
1gQvR_ELf7rgJQw_kwubM7,角型ダクト:00_角タップ:41595866,角型ダクト:00_角タップ,3FL,RECTANGULAR,,791.541,350.0,250.0,250.0,0.277039259,0.277039259,0.277039259,0.57077037,0.0,True,0.0,True,IfcArbitraryClosedProfileDef,IfcIndexedPolyCurve,IFC_GEOMETRY,OK
1gQvR_ELf7rgJQw_kwub9B,角型ダクト:00_角タップ:41595926,角型ダクト:00_角タップ,3FL,RECTANGULAR,,350.0,250.0,500.0,500.0,0.0875,0.0875,0.0875,0.6,0.0,True,0.0,True,IfcArbitraryClosedProfileDef,IfcIndexedPolyCurve,IFC_GEOMETRY,OK
1gQvR_ELf7rgJQw_kwub9b,角型ダクト:00_角タップ:41595960,角型ダクト:00_角タップ,3FL,RECTANGULAR,,2965.15,350.0,250.0,250.0,1.037802669,1.037802669,1.037802669,1.657575241,0.0,True,0.0,True,IfcArbitraryClosedProfileDef,IfcIndexedPolyCurve,IFC_GEOMETRY,OK
1gQvR_ELf7rgJQw_kwubBR,角型ダクト:00_角タップ:41596038,角型ダクト:00_角タップ,3FL,RECTANGULAR,,350.0,250.0,464.645,464.645,0.0875,0.0875,0.0875,0.557573593,0.0,True,0.0,True,IfcArbitraryClosedProfileDef,IfcIndexedPolyCurve,IFC_GEOMETRY,OK
1gQvR_ELf7rgJQw_kwubB4,角型ダクト:00_角タップ:41596057,角型ダクト:00_角タップ,3FL,RECTANGULAR,,350.0,250.0,464.645,464.645,0.0875,0.0875,0.0875,0.557573593,0.0,True,0.0,True,IfcArbitraryClosedProfileDef,IfcIndexedPolyCurve,IFC_GEOMETRY,OK
1gQvR_ELf7rgJQw_kwubB1,角型ダクト:00_角タップ:41596060,角型ダクト:00_角タップ,3FL,RECTANGULAR,,7325.81,350.0,250.0,250.0,2.564033329,2.564033329,2.564033329,3.837904755,0.0,True,0.0,True,IfcArbitraryClosedProfileDef,IfcIndexedPolyCurve,IFC_GEOMETRY,OK
1gQvR_ELf7rgJQw_kwub1l,角型ダクト:00_角ティー:41596466,角型ダクト:00_角ティー,3FL,RECTANGULAR,,1069.505,400.0,300.0,300.0,0.427802187,0.427802187,0.427802187,0.881703281,0.0,True,0.0,True,IfcArbitraryClosedProfileDef,IfcIndexedPolyCurve,IFC_GEOMETRY,OK
2ZHWA5Bnf7L81p8nCdzYy_,角型ダクト:00_角ティー:41597516,角型ダクト:00_角ティー,4FL,RECTANGULAR,,366.543,350.0,250.0,250.0,0.128289961,0.128289961,0.128289961,0.358271373,0.0,True,0.0,True,IfcArbitraryClosedProfileDef,IfcIndexedPolyCurve,IFC_GEOMETRY,OK
2ZHWA5Bnf7L81p8nCdzYy$,角型ダクト:00_角タップ:41597517,角型ダクト:00_角タップ,4FL,RECTANGULAR,,350.0,203.492,250.0,250.0,0.07122228,0.07122228,0.07122228,0.276746114,0.0,True,0.0,True,IfcArbitraryClosedProfileDef,IfcIndexedPolyCurve,IFC_GEOMETRY,OK
2ZHWA5Bnf7L81p8nCdzYyZ,角型ダクト:00_角タップ:41597521,角型ダクト:00_角タップ,4FL,RECTANGULAR,,350.0,250.0,464.645,464.645,0.0875,0.0875,0.0875,0.557573593,0.0,True,0.0,True,IfcArbitraryClosedProfileDef,IfcIndexedPolyCurve,IFC_GEOMETRY,OK
2ZHWA5Bnf7L81p8nCdzY$s,角型ダクト:00_角タップ:41597572,角型ダクト:00_角タップ,4FL,RECTANGULAR,,8291.572,350.0,250.0,250.0,2.90205009,2.90205009,2.90205009,4.320785843,0.0,True,0.0,True,IfcArbitraryClosedProfileDef,IfcIndexedPolyCurve,IFC_GEOMETRY,OK
2ZHWA5Bnf7L81p8nCdzY$t,角型ダクト:00_角タップ:41597573,角型ダクト:00_角タップ,4FL,RECTANGULAR,,1297.0,350.0,250.0,250.0,0.45395,0.45395,0.45395,0.8235,0.0,True,0.0,True,IfcArbitraryClosedProfileDef,IfcIndexedPolyCurve,IFC_GEOMETRY,OK
2ZHWA5Bnf7L81p8nCdzY$k,角型ダクト:00_角ティー:41597596,角型ダクト:00_角ティー,4FL,RECTANGULAR,,469.505,400.0,300.0,300.0,0.187802187,0.187802187,0.187802187,0.521703281,0.0,True,0.0,True,IfcArbitraryClosedProfileDef,IfcIndexedPolyCurve,IFC_GEOMETRY,OK
2ZHWA5Bnf7L81p8nCdzYul,角型ダクト:00_角ティー:41597789,角型ダクト:00_角ティー,2FL,RECTANGULAR,,356.543,350.0,250.0,250.0,0.124789961,0.124789961,0.124789961,0.353271373,0.0,True,0.0,True,IfcArbitraryClosedProfileDef,IfcIndexedPolyCurve,IFC_GEOMETRY,OK
2ZHWA5Bnf7L81p8nCdzYui,角型ダクト:00_角タップ:41597790,角型ダクト:00_角タップ,2FL,RECTANGULAR,,350.0,105.446,250.0,250.0,0.036906261,0.036906261,0.036906261,0.22772323,0.0,True,0.0,True,IfcArbitraryClosedProfileDef,IfcIndexedPolyCurve,IFC_GEOMETRY,OK
2ZHWA5Bnf7L81p8nCdzYxd,角型ダクト:00_角タップ:41597845,角型ダクト:00_角タップ,2FL,RECTANGULAR,,500.102,350.0,250.0,250.0,0.175035798,0.175035798,0.175035798,0.42505114,0.0,True,0.0,True,IfcArbitraryClosedProfileDef,IfcIndexedPolyCurve,IFC_GEOMETRY,OK
2ZHWA5Bnf7L81p8nCdzYxK,角型ダクト:00_角タップ:41597862,角型ダクト:00_角タップ,2FL,RECTANGULAR,,7205.89,350.0,250.0,250.0,2.522061609,2.522061609,2.522061609,3.777945156,0.0,True,0.0,True,IfcArbitraryClosedProfileDef,IfcIndexedPolyCurve,IFC_GEOMETRY,OK
2ZHWA5Bnf7L81p8nCdzYxR,角型ダクト:00_角ティー:41597865,角型ダクト:00_角ティー,2FL,RECTANGULAR,,3799.794,350.0,250.0,250.0,1.329927845,1.329927845,1.329927845,2.074896922,0.0,True,0.0,True,IfcArbitraryClosedProfileDef,IfcIndexedPolyCurve,IFC_GEOMETRY,OK
2ZHWA5Bnf7L81p8nCdzYxV,角型ダクト:00_角タップ:41597869,角型ダクト:00_角タップ,2FL,RECTANGULAR,,669.505,400.0,300.0,300.0,0.267802187,0.267802187,0.267802187,0.641703281,0.0,True,0.0,True,IfcArbitraryClosedProfileDef,IfcIndexedPolyCurve,IFC_GEOMETRY,OK
2ZHWA5Bnf7L81p8nCdzYd$,角型ダクト:00_角タップ:41598093,角型ダクト:00_角タップ,1FL,RECTANGULAR,,6512.893,350.0,250.0,250.0,2.279512627,2.279512627,2.279512627,3.431446609,0.0,True,0.0,True,IfcArbitraryClosedProfileDef,IfcIndexedPolyCurve,IFC_GEOMETRY,OK
2ZHWA5Bnf7L81p8nCdzYdY,角型ダクト:00_角タップ:41598096,角型ダクト:00_角タップ,1FL,RECTANGULAR,,323.223,250.0,350.0,350.0,0.080805826,0.080805826,0.080805826,0.401256313,0.0,True,0.0,True,IfcArbitraryClosedProfileDef,IfcIndexedPolyCurve,IFC_GEOMETRY,OK
2ZHWA5Bnf7L81p8nCdzYdd,角型ダクト:00_角タップ:41598101,角型ダクト:00_角タップ,1FL,RECTANGULAR,,323.223,250.0,350.0,350.0,0.080805826,0.080805826,0.080805826,0.401256313,0.0,True,0.0,True,IfcArbitraryClosedProfileDef,IfcIndexedPolyCurve,IFC_GEOMETRY,OK
2ZHWA5Bnf7L81p8nCdzYdI,角型ダクト:00_角タップ:41598112,角型ダクト:00_角タップ,1FL,RECTANGULAR,,674.78,350.0,250.0,250.0,0.23617289,0.23617289,0.23617289,0.512389843,0.0,True,0.0,True,IfcArbitraryClosedProfileDef,IfcIndexedPolyCurve,IFC_GEOMETRY,OK
2ZHWA5Bnf7L81p8nCdzYdM,角型ダクト:00_角ティー:41598116,角型ダクト:00_角ティー,1FL,RECTANGULAR,,400.0,135.213,300.0,300.0,0.054085329,0.054085329,0.054085329,0.321127993,0.0,True,0.0,True,IfcArbitraryClosedProfileDef,IfcIndexedPolyCurve,IFC_GEOMETRY,OK
2gNP2gozr8MAe$UpsAlGjY,角型ダクト:00_角タップ:41628566,角型ダクト:00_角タップ,2FL,RECTANGULAR,,700.0,669.5,400.0,400.0,0.46865,0.46865,0.46865,1.0956,0.0,True,0.0,True,IfcArbitraryClosedProfileDef,IfcIndexedPolyCurve,IFC_GEOMETRY,OK
2gNP2gozr8MAe$UpsAlGiR,角型ダクト:00_角タップ:41628655,角型ダクト:00_角タップ,2FL,RECTANGULAR,,350.0,296.447,250.0,250.0,0.103756313,0.103756313,0.103756313,0.323223305,0.0,True,0.0,True,IfcArbitraryClosedProfileDef,IfcIndexedPolyCurve,IFC_GEOMETRY,OK
2gNP2gozr8MAe$UpsAlGpR,角型ダクト:00_角タップ:41628719,角型ダクト:00_角タップ,2FL,RECTANGULAR,,700.0,642.0,400.0,400.0,0.4494,0.4494,0.4494,1.0736,0.0,True,0.0,True,IfcArbitraryClosedProfileDef,IfcIndexedPolyCurve,IFC_GEOMETRY,OK
1HXvw9crHENfcZnoKZk_Yw,角型ダクト:00_角タップ:41632184,角型ダクト:00_角タップ,2FL,RECTANGULAR,,250.0,250.0,959.619,959.619,0.0625,0.0625,0.0625,0.959619408,0.0,True,0.0,True,IfcArbitraryClosedProfileDef,IfcIndexedPolyCurve,IFC_GEOMETRY,OK
1HXvw9crHENfcZnoKZk_ZB,角型ダクト:00_角タップ:41632201,角型ダクト:00_角タップ,2FL,RECTANGULAR,,1009.246,250.0,250.0,250.0,0.252311464,0.252311464,0.252311464,0.629622928,0.0,True,0.0,True,IfcArbitraryClosedProfileDef,IfcIndexedPolyCurve,IFC_GEOMETRY,OK
1HXvw9crHENfcZnoKZk_4D,角型ダクト:00_角タップ:41633807,角型ダクト:00_角タップ,2FL,RECTANGULAR,,2413.898,250.0,250.0,250.0,0.603474518,0.603474518,0.603474518,1.331949035,0.0,True,0.0,True,IfcArbitraryClosedProfileDef,IfcIndexedPolyCurve,IFC_GEOMETRY,OK
1HXvw9crHENfcZnoKZk_7T,角型ダクト:00_角タップ:41634015,角型ダクト:00_角タップ,2FL,RECTANGULAR,,250.0,250.0,464.645,464.645,0.0625,0.0625,0.0625,0.464644661,0.0,True,0.0,True,IfcArbitraryClosedProfileDef,IfcIndexedPolyCurve,IFC_GEOMETRY,OK
2hWd1ze8D0XBRqQ6Hq5wUJ,角型ダクト:00_角ティー:41674052,角型ダクト:00_角ティー,2FL,RECTANGULAR,,250.0,86.084,250.0,250.0,0.021521038,0.021521038,0.021521038,0.168042076,0.0,True,0.0,True,IfcArbitraryClosedProfileDef,IfcIndexedPolyCurve,IFC_GEOMETRY,OK
1Laci$xTz0IBgJYOyjx4wz,角型ダクト:00_角タップ:41674998,角型ダクト:00_角タップ,1FL,RECTANGULAR,,750.0,4.5,400.0,400.0,0.003375,0.003375,0.003375,0.6036,0.0,True,0.0,True,IfcArbitraryClosedProfileDef,IfcIndexedPolyCurve,IFC_GEOMETRY,OK
1Laci$xTz0IBgJYOyjx4zE,角型ダクト:00_角タップ:41675013,角型ダクト:00_角タップ,1FL,RECTANGULAR,,400.0,4.5,300.0,300.0,0.0018,0.0018,0.0018,0.2427,0.0,True,0.0,True,IfcArbitraryClosedProfileDef,IfcIndexedPolyCurve,IFC_GEOMETRY,OK
1Laci$xTz0IBgJYOyjx4_c,角型ダクト:00_角タップ:41675245,角型ダクト:00_角タップ,4FL,RECTANGULAR,,955.0,750.0,450.0,450.0,0.71625,0.71625,0.71625,1.5345,0.0,True,0.0,True,IfcArbitraryClosedProfileDef,IfcIndexedPolyCurve,IFC_GEOMETRY,OK
1Laci$xTz0IBgJYOyjx4_p,角型ダクト:00_角タップ:41675256,角型ダクト:00_角タップ,4FL,RECTANGULAR,,1709.0,400.0,300.0,300.0,0.6836,0.6836,0.6836,1.2654,0.0,True,0.0,True,IfcArbitraryClosedProfileDef,IfcIndexedPolyCurve,IFC_GEOMETRY,OK
2WhJK$bUjD8vwcXLWsmGeJ,丸型ダクト:00_丸タップ:41894512,丸型ダクト:00_丸タップ,2FL,ROUND,200.0,,,1780.0,1780.0,0.031415927,0.031411203,0.031411203,1.118406985,0.0,True,0.015038,False,IfcArbitraryClosedProfileDef,IfcIndexedPolyCurve,IFC_GEOMETRY,OK
2WhJK$bUjD8vwcXLWsmGeI,丸型ダクト:00_丸タップ:41894513,丸型ダクト:00_丸タップ,2FL,ROUND,200.0,,,380.0,380.0,0.031415927,0.031411203,0.031411203,0.238761042,0.0,True,0.015038,False,IfcArbitraryClosedProfileDef,IfcIndexedPolyCurve,IFC_GEOMETRY,OK
2WhJK$bUjD8vwcXLWsmGeN,丸型ダクト:00_丸タップ:41894516,丸型ダクト:00_丸タップ,2FL,ROUND,250.0,,,1132.269,1132.269,0.049087385,0.049080005,0.049080005,0.8892819,0.0,True,0.015038,False,IfcArbitraryClosedProfileDef,IfcIndexedPolyCurve,IFC_GEOMETRY,OK
2WhJK$bUjD8vwcXLWsmGeM,丸型ダクト:00_丸タップ:41894517,丸型ダクト:00_丸タップ,2FL,ROUND,250.0,,,1147.731,1147.731,0.049087385,0.049080005,0.049080005,0.901425913,0.0,True,0.015038,False,IfcArbitraryClosedProfileDef,IfcIndexedPolyCurve,IFC_GEOMETRY,OK
2WhJK$bUjD8vwcXLWsmGeK,丸型ダクト:00_丸タップ:41894519,丸型ダクト:00_丸タップ,2FL,ROUND,200.0,,,580.0,580.0,0.031415927,0.031411203,0.031411203,0.364424748,0.0,True,0.015038,False,IfcArbitraryClosedProfileDef,IfcIndexedPolyCurve,IFC_GEOMETRY,OK
2WhJK$bUjD8vwcXLWsmGeR,丸型ダクト:00_丸タップ:41894520,丸型ダクト:00_丸タップ,2FL,ROUND,200.0,,,380.0,380.0,0.031415927,0.031411203,0.031411203,0.238761042,0.0,True,0.015038,False,IfcArbitraryClosedProfileDef,IfcIndexedPolyCurve,IFC_GEOMETRY,OK
2WhJK$bUjD8vwcXLWsmGeO,丸型ダクト:00_丸タップ:41894523,丸型ダクト:00_丸タップ,2FL,ROUND,250.0,,,719.969,719.969,0.049087385,0.049080005,0.049080005,0.565462208,0.0,True,0.015038,False,IfcArbitraryClosedProfileDef,IfcIndexedPolyCurve,IFC_GEOMETRY,OK
2WhJK$bUjD8vwcXLWsmGeV,丸型ダクト:00_丸タップ:41894524,丸型ダクト:00_丸タップ,2FL,ROUND,200.0,,,3100.0,3100.0,0.031415927,0.031411203,0.031411203,1.947787445,0.0,True,0.015038,False,IfcArbitraryClosedProfileDef,IfcIndexedPolyCurve,IFC_GEOMETRY,OK
2WhJK$bUjD8vwcXLWsmGeU,丸型ダクト:00_丸タップ:41894525,丸型ダクト:00_丸タップ,2FL,ROUND,200.0,,,600.0,600.0,0.031415927,0.031411203,0.031411203,0.376991118,0.0,True,0.015038,False,IfcArbitraryClosedProfileDef,IfcIndexedPolyCurve,IFC_GEOMETRY,OK
2WhJK$bUjD8vwcXLWsmGeT,丸型ダクト:00_丸タップ:41894526,丸型ダクト:00_丸タップ,2FL,ROUND,200.0,,,600.0,600.0,0.031415927,0.031411203,0.031411203,0.376991118,0.0,True,0.015038,False,IfcArbitraryClosedProfileDef,IfcIndexedPolyCurve,IFC_GEOMETRY,OK
2WhJK$bUjD8vwcXLWsmGhY,丸型ダクト:00_丸タップ:41894529,丸型ダクト:00_丸タップ,2FL,ROUND,200.0,,,1780.0,1780.0,0.031415927,0.031411203,0.031411203,1.118406985,0.0,True,0.015038,False,IfcArbitraryClosedProfileDef,IfcIndexedPolyCurve,IFC_GEOMETRY,OK
2WhJK$bUjD8vwcXLWsmGhX,丸型ダクト:00_丸タップ:41894530,丸型ダクト:00_丸タップ,2FL,ROUND,200.0,,,380.0,380.0,0.031415927,0.031411203,0.031411203,0.238761042,0.0,True,0.015038,False,IfcArbitraryClosedProfileDef,IfcIndexedPolyCurve,IFC_GEOMETRY,OK
2WhJK$bUjD8vwcXLWsmGhc,丸型ダクト:00_丸タップ:41894533,丸型ダクト:00_丸タップ,2FL,ROUND,200.0,,,580.0,580.0,0.031415927,0.031411203,0.031411203,0.364424748,0.0,True,0.015038,False,IfcArbitraryClosedProfileDef,IfcIndexedPolyCurve,IFC_GEOMETRY,OK
2WhJK$bUjD8vwcXLWsmGhb,丸型ダクト:00_丸タップ:41894534,丸型ダクト:00_丸タップ,2FL,ROUND,200.0,,,380.0,380.0,0.031415927,0.031411203,0.031411203,0.238761042,0.0,True,0.015038,False,IfcArbitraryClosedProfileDef,IfcIndexedPolyCurve,IFC_GEOMETRY,OK
2WhJK$bUjD8vwcXLWsmGhg,丸型ダクト:00_丸タップ:41894537,丸型ダクト:00_丸タップ,2FL,ROUND,200.0,,,380.0,380.0,0.031415927,0.031411203,0.031411203,0.238761042,0.0,True,0.015038,False,IfcArbitraryClosedProfileDef,IfcIndexedPolyCurve,IFC_GEOMETRY,OK
2WhJK$bUjD8vwcXLWsmGhe,丸型ダクト:00_丸タップ:41894539,丸型ダクト:00_丸タップ,2FL,ROUND,250.0,,,1530.0,1530.0,0.049087385,0.049080005,0.049080005,1.20165919,0.0,True,0.015038,False,IfcArbitraryClosedProfileDef,IfcIndexedPolyCurve,IFC_GEOMETRY,OK
2WhJK$bUjD8vwcXLWsmGhk,丸型ダクト:00_丸タップ:41894541,丸型ダクト:00_丸タップ,2FL,ROUND,200.0,,,2360.0,2360.0,0.031415927,0.031411203,0.031411203,1.482831732,0.0,True,0.015038,False,IfcArbitraryClosedProfileDef,IfcIndexedPolyCurve,IFC_GEOMETRY,OK
2WhJK$bUjD8vwcXLWsmGhj,丸型ダクト:00_丸タップ:41894542,丸型ダクト:00_丸タップ,2FL,ROUND,200.0,,,380.0,380.0,0.031415927,0.031411203,0.031411203,0.238761042,0.0,True,0.015038,False,IfcArbitraryClosedProfileDef,IfcIndexedPolyCurve,IFC_GEOMETRY,OK
2WhJK$bUjD8vwcXLWsmGhn,丸型ダクト:00_丸タップ:41894546,丸型ダクト:00_丸タップ,2FL,ROUND,200.0,,,380.0,380.0,0.031415927,0.031411203,0.031411203,0.238761042,0.0,True,0.015038,False,IfcArbitraryClosedProfileDef,IfcIndexedPolyCurve,IFC_GEOMETRY,OK
2WhJK$bUjD8vwcXLWsmGht,丸型ダクト:00_丸タップ:41894548,丸型ダクト:00_丸タップ,2FL,ROUND,200.0,,,2360.0,2360.0,0.031415927,0.031411203,0.031411203,1.482831732,0.0,True,0.015038,False,IfcArbitraryClosedProfileDef,IfcIndexedPolyCurve,IFC_GEOMETRY,OK
2WhJK$bUjD8vwcXLWsmGhs,丸型ダクト:00_丸タップ:41894549,丸型ダクト:00_丸タップ,2FL,ROUND,250.0,,,2280.0,2280.0,0.049087385,0.049080005,0.049080005,1.790707813,0.0,True,0.015038,False,IfcArbitraryClosedProfileDef,IfcIndexedPolyCurve,IFC_GEOMETRY,OK
2WhJK$bUjD8vwcXLWsmGhw,丸型ダクト:00_丸タップ:41894553,丸型ダクト:00_丸タップ,2FL,ROUND,200.0,,,380.0,380.0,0.031415927,0.031411203,0.031411203,0.238761042,0.0,True,0.015038,False,IfcArbitraryClosedProfileDef,IfcIndexedPolyCurve,IFC_GEOMETRY,OK
2WhJK$bUjD8vwcXLWsmGh$,丸型ダクト:00_丸タップ:41894556,丸型ダクト:00_丸タップ,2FL,ROUND,250.0,,,439.969,439.969,0.049087385,0.049080005,0.049080005,0.345550722,0.0,True,0.015038,False,IfcArbitraryClosedProfileDef,IfcIndexedPolyCurve,IFC_GEOMETRY,OK
2WhJK$bUjD8vwcXLWsmGh_,丸型ダクト:00_丸タップ:41894557,丸型ダクト:00_丸タップ,2FL,ROUND,200.0,,,2099.969,2099.969,0.031415927,0.031411203,0.031411203,1.319449339,0.0,True,0.015038,False,IfcArbitraryClosedProfileDef,IfcIndexedPolyCurve,IFC_GEOMETRY,OK
2WhJK$bUjD8vwcXLWsmGhz,丸型ダクト:00_丸タップ:41894558,丸型ダクト:00_丸タップ,2FL,ROUND,200.0,,,576.0,576.0,0.031415927,0.031411203,0.031411203,0.361911474,0.0,True,0.015038,False,IfcArbitraryClosedProfileDef,IfcIndexedPolyCurve,IFC_GEOMETRY,OK
2WhJK$bUjD8vwcXLWsmGhy,丸型ダクト:00_丸タップ:41894559,丸型ダクト:00_丸タップ,2FL,ROUND,200.0,,,576.0,576.0,0.031415927,0.031411203,0.031411203,0.361911474,0.0,True,0.015038,False,IfcArbitraryClosedProfileDef,IfcIndexedPolyCurve,IFC_GEOMETRY,OK
2WhJK$bUjD8vwcXLWsmGh1,丸型ダクト:00_丸タップ:41894562,丸型ダクト:00_丸タップ,2FL,ROUND,200.0,,,2360.0,2360.0,0.031415927,0.031411203,0.031411203,1.482831732,0.0,True,0.015038,False,IfcArbitraryClosedProfileDef,IfcIndexedPolyCurve,IFC_GEOMETRY,OK
2WhJK$bUjD8vwcXLWsmGh0,丸型ダクト:00_丸タップ:41894563,丸型ダクト:00_丸タップ,2FL,ROUND,200.0,,,380.0,380.0,0.031415927,0.031411203,0.031411203,0.238761042,0.0,True,0.015038,False,IfcArbitraryClosedProfileDef,IfcIndexedPolyCurve,IFC_GEOMETRY,OK
2WhJK$bUjD8vwcXLWsmGh4,丸型ダクト:00_丸タップ:41894567,丸型ダクト:00_丸タップ,2FL,ROUND,200.0,,,380.0,380.0,0.031415927,0.031411203,0.031411203,0.238761042,0.0,True,0.015038,False,IfcArbitraryClosedProfileDef,IfcIndexedPolyCurve,IFC_GEOMETRY,OK
2WhJK$bUjD8vwcXLWsmGh9,丸型ダクト:00_丸タップ:41894570,丸型ダクト:00_丸タップ,2FL,ROUND,200.0,,,277.731,277.731,0.031415927,0.031411203,0.031411203,0.174503608,0.0,True,0.015038,False,IfcArbitraryClosedProfileDef,IfcIndexedPolyCurve,IFC_GEOMETRY,OK
2WhJK$bUjD8vwcXLWsmGh8,丸型ダクト:00_丸タップ:41894571,丸型ダクト:00_丸タップ,2FL,ROUND,200.0,,,1780.0,1780.0,0.031415927,0.031411203,0.031411203,1.118406985,0.0,True,0.015038,False,IfcArbitraryClosedProfileDef,IfcIndexedPolyCurve,IFC_GEOMETRY,OK
2WhJK$bUjD8vwcXLWsmGhF,丸型ダクト:00_丸タップ:41894572,丸型ダクト:00_丸タップ,2FL,ROUND,250.0,,,1530.0,1530.0,0.049087385,0.049080005,0.049080005,1.20165919,0.0,True,0.015038,False,IfcArbitraryClosedProfileDef,IfcIndexedPolyCurve,IFC_GEOMETRY,OK
2WhJK$bUjD8vwcXLWsmGhD,丸型ダクト:00_丸タップ:41894574,丸型ダクト:00_丸タップ,2FL,ROUND,200.0,,,580.0,580.0,0.031415927,0.031411203,0.031411203,0.364424748,0.0,True,0.015038,False,IfcArbitraryClosedProfileDef,IfcIndexedPolyCurve,IFC_GEOMETRY,OK
2WhJK$bUjD8vwcXLWsmGhC,丸型ダクト:00_丸タップ:41894575,丸型ダクト:00_丸タップ,2FL,ROUND,200.0,,,277.731,277.731,0.031415927,0.031411203,0.031411203,0.174503608,0.0,True,0.015038,False,IfcArbitraryClosedProfileDef,IfcIndexedPolyCurve,IFC_GEOMETRY,OK
2WhJK$bUjD8vwcXLWsmGhM,丸型ダクト:00_丸タップ:41894581,丸型ダクト:00_丸タップ,2FL,ROUND,200.0,,,3310.0,3310.0,0.031415927,0.031411203,0.031411203,2.079734337,0.0,True,0.015038,False,IfcArbitraryClosedProfileDef,IfcIndexedPolyCurve,IFC_GEOMETRY,OK
2WhJK$bUjD8vwcXLWsmGhV,丸型ダクト:00_丸タップ:41894588,丸型ダクト:00_丸タップ,2FL,ROUND,250.0,,,1297.5,1297.5,0.049087385,0.049080005,0.049080005,1.019054117,0.0,True,0.015038,False,IfcArbitraryClosedProfileDef,IfcIndexedPolyCurve,IFC_GEOMETRY,OK
2WhJK$bUjD8vwcXLWsmGhT,丸型ダクト:00_丸タップ:41894590,丸型ダクト:00_丸タップ,2FL,ROUND,200.0,,,600.0,600.0,0.031415927,0.031411203,0.031411203,0.376991118,0.0,True,0.015038,False,IfcArbitraryClosedProfileDef,IfcIndexedPolyCurve,IFC_GEOMETRY,OK
2WhJK$bUjD8vwcXLWsmGhS,丸型ダクト:00_丸タップ:41894591,丸型ダクト:00_丸タップ,2FL,ROUND,200.0,,,2500.0,2500.0,0.031415927,0.031411203,0.031411203,1.570796327,0.0,True,0.015038,False,IfcArbitraryClosedProfileDef,IfcIndexedPolyCurve,IFC_GEOMETRY,OK
2WhJK$bUjD8vwcXLWsmGgZ,丸型ダクト:00_丸タップ:41894592,丸型ダクト:00_丸タップ,2FL,ROUND,200.0,,,600.0,600.0,0.031415927,0.031411203,0.031411203,0.376991118,0.0,True,0.015038,False,IfcArbitraryClosedProfileDef,IfcIndexedPolyCurve,IFC_GEOMETRY,OK
2WhJK$bUjD8vwcXLWsmGgd,丸型ダクト:00_丸タップ:41894596,丸型ダクト:00_丸タップ,2FL,ROUND,200.0,,,600.0,600.0,0.031415927,0.031411203,0.031411203,0.376991118,0.0,True,0.015038,False,IfcArbitraryClosedProfileDef,IfcIndexedPolyCurve,IFC_GEOMETRY,OK
2WhJK$bUjD8vwcXLWsmGgc,丸型ダクト:00_丸タップ:41894597,丸型ダクト:00_丸タップ,2FL,ROUND,200.0,,,1900.0,1900.0,0.031415927,0.031411203,0.031411203,1.193805208,0.0,True,0.015038,False,IfcArbitraryClosedProfileDef,IfcIndexedPolyCurve,IFC_GEOMETRY,OK
2WhJK$bUjD8vwcXLWsmGgb,丸型ダクト:00_丸タップ:41894598,丸型ダクト:00_丸タップ,2FL,ROUND,200.0,,,576.0,576.0,0.031415927,0.031411203,0.031411203,0.361911474,0.0,True,0.015038,False,IfcArbitraryClosedProfileDef,IfcIndexedPolyCurve,IFC_GEOMETRY,OK
2WhJK$bUjD8vwcXLWsmGga,丸型ダクト:00_丸タップ:41894599,丸型ダクト:00_丸タップ,2FL,ROUND,200.0,,,569.157,569.157,0.031415927,0.031411203,0.031411203,0.357612071,0.0,True,0.015038,False,IfcArbitraryClosedProfileDef,IfcIndexedPolyCurve,IFC_GEOMETRY,OK
2WhJK$bUjD8vwcXLWsmGgg,丸型ダクト:00_丸タップ:41894601,丸型ダクト:00_丸タップ,2FL,ROUND,250.0,,,3607.525,3607.525,0.049087385,0.049080005,0.049080005,2.83334359,0.0,True,0.015038,False,IfcArbitraryClosedProfileDef,IfcIndexedPolyCurve,IFC_GEOMETRY,OK
2WhJK$bUjD8vwcXLWsmGgl,丸型ダクト:00_丸タップ:41894604,丸型ダクト:00_丸タップ,2FL,ROUND,200.0,,,3480.0,3480.0,0.031415927,0.031411203,0.031411203,2.186548487,0.0,True,0.015038,False,IfcArbitraryClosedProfileDef,IfcIndexedPolyCurve,IFC_GEOMETRY,OK
2WhJK$bUjD8vwcXLWsmGgm,丸型ダクト:00_丸タップ:41894611,丸型ダクト:00_丸タップ,2FL,ROUND,200.0,,,3040.0,3040.0,0.031415927,0.031411203,0.031411203,1.910088333,0.0,True,0.015038,False,IfcArbitraryClosedProfileDef,IfcIndexedPolyCurve,IFC_GEOMETRY,OK
2WhJK$bUjD8vwcXLWsmGgV,丸型ダクト:00_丸タップ:41894652,丸型ダクト:00_丸タップ,2FL,ROUND,150.0,,,325.0,325.0,0.017671459,0.017668802,0.017668802,0.153152642,0.0,True,0.015038,False,IfcArbitraryClosedProfileDef,IfcIndexedPolyCurve,IFC_GEOMETRY,OK
2WhJK$bUjD8vwcXLWsmGgU,丸型ダクト:00_丸タップ:41894653,丸型ダクト:00_丸タップ,2FL,ROUND,150.0,,,325.0,325.0,0.017671459,0.017668802,0.017668802,0.153152642,0.0,True,0.015038,False,IfcArbitraryClosedProfileDef,IfcIndexedPolyCurve,IFC_GEOMETRY,OK
2WhJK$bUjD8vwcXLWsmGgT,丸型ダクト:00_丸タップ:41894654,丸型ダクト:00_丸タップ,2FL,ROUND,150.0,,,325.0,325.0,0.017671459,0.017668802,0.017668802,0.153152642,0.0,True,0.015038,False,IfcArbitraryClosedProfileDef,IfcIndexedPolyCurve,IFC_GEOMETRY,OK
2WhJK$bUjD8vwcXLWsmGgS,丸型ダクト:00_丸タップ:41894655,丸型ダクト:00_丸タップ,2FL,ROUND,150.0,,,540.0,540.0,0.017671459,0.017668802,0.017668802,0.254469005,0.0,True,0.015038,False,IfcArbitraryClosedProfileDef,IfcIndexedPolyCurve,IFC_GEOMETRY,OK
2WhJK$bUjD8vwcXLWsmGjZ,丸型ダクト:00_丸タップ:41894656,丸型ダクト:00_丸タップ,2FL,ROUND,150.0,,,1867.382,1867.382,0.017671459,0.017668802,0.017668802,0.879983116,0.0,True,0.015038,False,IfcArbitraryClosedProfileDef,IfcIndexedPolyCurve,IFC_GEOMETRY,OK
2WhJK$bUjD8vwcXLWsmGjY,丸型ダクト:00_丸タップ:41894657,丸型ダクト:00_丸タップ,2FL,ROUND,150.0,,,885.0,885.0,0.017671459,0.017668802,0.017668802,0.417046425,0.0,True,0.015038,False,IfcArbitraryClosedProfileDef,IfcIndexedPolyCurve,IFC_GEOMETRY,OK
2WhJK$bUjD8vwcXLWsmGjW,丸型ダクト:00_丸タップ:41894659,丸型ダクト:00_丸タップ,2FL,ROUND,150.0,,,367.5,367.5,0.017671459,0.017668802,0.017668802,0.173180295,0.0,True,0.015038,False,IfcArbitraryClosedProfileDef,IfcIndexedPolyCurve,IFC_GEOMETRY,OK
2WhJK$bUjD8vwcXLWsmGjc,丸型ダクト:00_丸タップ:41894661,丸型ダクト:00_丸タップ,2FL,ROUND,150.0,,,762.5,762.5,0.017671459,0.017668802,0.017668802,0.35931966,0.0,True,0.015038,False,IfcArbitraryClosedProfileDef,IfcIndexedPolyCurve,IFC_GEOMETRY,OK
2WhJK$bUjD8vwcXLWsmGja,丸型ダクト:00_丸タップ:41894663,丸型ダクト:00_丸タップ,2FL,ROUND,150.0,,,257.169,257.169,0.017671459,0.017668802,0.017668802,0.121188101,0.0,True,0.015038,False,IfcArbitraryClosedProfileDef,IfcIndexedPolyCurve,IFC_GEOMETRY,OK
2WhJK$bUjD8vwcXLWsmGjh,丸型ダクト:00_丸タップ:41894664,丸型ダクト:00_丸タップ,2FL,ROUND,150.0,,,1475.0,1475.0,0.017671459,0.017668802,0.017668802,0.695077375,0.0,True,0.015038,False,IfcArbitraryClosedProfileDef,IfcIndexedPolyCurve,IFC_GEOMETRY,OK
2WhJK$bUjD8vwcXLWsmGje,丸型ダクト:00_丸タップ:41894667,丸型ダクト:00_丸タップ,2FL,ROUND,250.0,,,2698.187,2698.187,0.049087385,0.049080005,0.049080005,2.119151105,0.0,True,0.015038,False,IfcArbitraryClosedProfileDef,IfcIndexedPolyCurve,IFC_GEOMETRY,OK
2WhJK$bUjD8vwcXLWsmGjk,丸型ダクト:00_丸タップ:41894669,丸型ダクト:00_丸タップ,2FL,ROUND,100.0,,,425.0,425.0,0.007853982,0.007852801,0.007852801,0.133517688,0.0,True,0.015038,False,IfcArbitraryClosedProfileDef,IfcIndexedPolyCurve,IFC_GEOMETRY,OK
2WhJK$bUjD8vwcXLWsmGji,丸型ダクト:00_丸タップ:41894671,丸型ダクト:00_丸タップ,2FL,ROUND,100.0,,,1065.0,1065.0,0.007853982,0.007852801,0.007852801,0.334579618,0.0,True,0.015038,False,IfcArbitraryClosedProfileDef,IfcIndexedPolyCurve,IFC_GEOMETRY,OK
2WhJK$bUjD8vwcXLWsmGjn,丸型ダクト:00_丸タップ:41894674,丸型ダクト:00_丸タップ,2FL,ROUND,150.0,,,1898.478,1898.478,0.017671459,0.017668802,0.017668802,0.894636548,0.0,True,0.015038,False,IfcArbitraryClosedProfileDef,IfcIndexedPolyCurve,IFC_GEOMETRY,OK
2WhJK$bUjD8vwcXLWsmGjs,丸型ダクト:00_丸タップ:41894677,丸型ダクト:00_丸タップ,2FL,ROUND,250.0,,,1038.812,1038.812,0.049087385,0.049080005,0.049080005,0.815880995,0.0,True,0.015038,False,IfcArbitraryClosedProfileDef,IfcIndexedPolyCurve,IFC_GEOMETRY,OK
2WhJK$bUjD8vwcXLWsmGjr,丸型ダクト:00_丸タップ:41894678,丸型ダクト:00_丸タップ,2FL,ROUND,250.0,,,2605.0,2605.0,0.049087385,0.049080005,0.049080005,2.045962216,0.0,True,0.015038,False,IfcArbitraryClosedProfileDef,IfcIndexedPolyCurve,IFC_GEOMETRY,OK
2WhJK$bUjD8vwcXLWsmGjy,丸型ダクト:00_丸タップ:41894687,丸型ダクト:00_丸タップ,2FL,ROUND,150.0,,,1942.382,1942.382,0.017671459,0.017668802,0.017668802,0.915326034,0.0,True,0.015038,False,IfcArbitraryClosedProfileDef,IfcIndexedPolyCurve,IFC_GEOMETRY,OK
2WhJK$bUjD8vwcXLWsmGj3,丸型ダクト:00_丸タップ:41894688,丸型ダクト:00_丸タップ,2FL,ROUND,150.0,,,332.169,332.169,0.017671459,0.017668802,0.017668802,0.156531018,0.0,True,0.015038,False,IfcArbitraryClosedProfileDef,IfcIndexedPolyCurve,IFC_GEOMETRY,OK
2WhJK$bUjD8vwcXLWsmGj7,丸型ダクト:00_丸タップ:41894692,丸型ダクト:00_丸タップ,2FL,ROUND,200.0,,,1047.956,1047.956,0.031415927,0.031411203,0.031411203,0.658450469,0.0,True,0.015038,False,IfcArbitraryClosedProfileDef,IfcIndexedPolyCurve,IFC_GEOMETRY,OK
2WhJK$bUjD8vwcXLWsmGj6,丸型ダクト:00_丸タップ:41894693,丸型ダクト:00_丸タップ,2FL,ROUND,200.0,,,1250.0,1250.0,0.031415927,0.031411203,0.031411203,0.785398163,0.0,True,0.015038,False,IfcArbitraryClosedProfileDef,IfcIndexedPolyCurve,IFC_GEOMETRY,OK
2WhJK$bUjD8vwcXLWsmGjA,丸型ダクト:00_丸タップ:41894697,丸型ダクト:00_丸タップ,2FL,ROUND,150.0,,,1956.843,1956.843,0.017671459,0.017668802,0.017668802,0.922140403,0.0,True,0.015038,False,IfcArbitraryClosedProfileDef,IfcIndexedPolyCurve,IFC_GEOMETRY,OK
2WhJK$bUjD8vwcXLWsmGj9,丸型ダクト:00_丸タップ:41894698,丸型ダクト:00_丸タップ,2FL,ROUND,250.0,,,316.0,316.0,0.049087385,0.049080005,0.049080005,0.24818582,0.0,True,0.015038,False,IfcArbitraryClosedProfileDef,IfcIndexedPolyCurve,IFC_GEOMETRY,OK
2WhJK$bUjD8vwcXLWsmGj8,丸型ダクト:00_丸タップ:41894699,丸型ダクト:00_丸タップ,2FL,ROUND,150.0,,,530.0,530.0,0.017671459,0.017668802,0.017668802,0.249756616,0.0,True,0.015038,False,IfcArbitraryClosedProfileDef,IfcIndexedPolyCurve,IFC_GEOMETRY,OK
2WhJK$bUjD8vwcXLWsmGjF,丸型ダクト:00_丸タップ:41894700,丸型ダクト:00_丸タップ,2FL,ROUND,150.0,,,1600.0,1600.0,0.017671459,0.017668802,0.017668802,0.753982237,0.0,True,0.015038,False,IfcArbitraryClosedProfileDef,IfcIndexedPolyCurve,IFC_GEOMETRY,OK
2WhJK$bUjD8vwcXLWsmGjE,丸型ダクト:00_丸タップ:41894701,丸型ダクト:00_丸タップ,2FL,ROUND,150.0,,,450.0,450.0,0.017671459,0.017668802,0.017668802,0.212057504,0.0,True,0.015038,False,IfcArbitraryClosedProfileDef,IfcIndexedPolyCurve,IFC_GEOMETRY,OK
2WhJK$bUjD8vwcXLWsmGjC,丸型ダクト:00_丸タップ:41894703,丸型ダクト:00_丸タップ,2FL,ROUND,250.0,,,326.625,326.625,0.049087385,0.049080005,0.049080005,0.256530569,0.0,True,0.015038,False,IfcArbitraryClosedProfileDef,IfcIndexedPolyCurve,IFC_GEOMETRY,OK
2WhJK$bUjD8vwcXLWsmGjG,丸型ダクト:00_丸タップ:41894707,丸型ダクト:00_丸タップ,2FL,ROUND,200.0,,,827.686,827.686,0.031415927,0.031411203,0.031411203,0.520050397,0.0,True,0.015038,False,IfcArbitraryClosedProfileDef,IfcIndexedPolyCurve,IFC_GEOMETRY,OK
2WhJK$bUjD8vwcXLWsmGjL,丸型ダクト:00_丸タップ:41894710,丸型ダクト:00_丸タップ,2FL,ROUND,200.0,,,827.686,827.686,0.031415927,0.031411203,0.031411203,0.520050397,0.0,True,0.015038,False,IfcArbitraryClosedProfileDef,IfcIndexedPolyCurve,IFC_GEOMETRY,OK
2WhJK$bUjD8vwcXLWsmGjQ,丸型ダクト:00_丸タップ:41894713,丸型ダクト:00_丸タップ,2FL,ROUND,200.0,,,782.859,782.859,0.031415927,0.031411203,0.031411203,0.491884523,0.0,True,0.015038,False,IfcArbitraryClosedProfileDef,IfcIndexedPolyCurve,IFC_GEOMETRY,OK
2WhJK$bUjD8vwcXLWsmGjV,丸型ダクト:00_丸タップ:41894716,丸型ダクト:00_丸タップ,2FL,ROUND,200.0,,,208.682,208.682,0.031415927,0.031411203,0.031411203,0.131118695,0.0,True,0.015038,False,IfcArbitraryClosedProfileDef,IfcIndexedPolyCurve,IFC_GEOMETRY,OK
2WhJK$bUjD8vwcXLWsmGjT,丸型ダクト:00_丸タップ:41894718,丸型ダクト:00_丸タップ,2FL,ROUND,200.0,,,1408.282,1408.282,0.031415927,0.031411203,0.031411203,0.884849679,0.0,True,0.015038,False,IfcArbitraryClosedProfileDef,IfcIndexedPolyCurve,IFC_GEOMETRY,OK
2WhJK$bUjD8vwcXLWsmGjS,丸型ダクト:00_丸タップ:41894719,丸型ダクト:00_丸タップ,2FL,ROUND,200.0,,,449.539,449.539,0.031415927,0.031411203,0.031411203,0.28245353,0.0,True,0.015038,False,IfcArbitraryClosedProfileDef,IfcIndexedPolyCurve,IFC_GEOMETRY,OK
2WhJK$bUjD8vwcXLWsmGiZ,丸型ダクト:00_丸タップ:41894720,丸型ダクト:00_丸タップ,2FL,ROUND,200.0,,,997.403,997.403,0.031415927,0.031411203,0.031411203,0.62668668,0.0,True,0.015038,False,IfcArbitraryClosedProfileDef,IfcIndexedPolyCurve,IFC_GEOMETRY,OK
2WhJK$bUjD8vwcXLWsmGid,丸型ダクト:00_丸タップ:41894724,丸型ダクト:00_丸タップ,2FL,ROUND,200.0,,,1020.279,1020.279,0.031415927,0.031411203,0.031411203,0.641060181,0.0,True,0.015038,False,IfcArbitraryClosedProfileDef,IfcIndexedPolyCurve,IFC_GEOMETRY,OK
2WhJK$bUjD8vwcXLWsmGib,丸型ダクト:00_丸タップ:41894726,丸型ダクト:00_丸タップ,2FL,ROUND,200.0,,,1217.392,1217.392,0.031415927,0.031411203,0.031411203,0.764909714,0.0,True,0.015038,False,IfcArbitraryClosedProfileDef,IfcIndexedPolyCurve,IFC_GEOMETRY,OK
2WhJK$bUjD8vwcXLWsmGia,丸型ダクト:00_丸タップ:41894727,丸型ダクト:00_丸タップ,2FL,ROUND,250.0,,,1115.0,1115.0,0.049087385,0.049080005,0.049080005,0.875718952,0.0,True,0.015038,False,IfcArbitraryClosedProfileDef,IfcIndexedPolyCurve,IFC_GEOMETRY,OK
2WhJK$bUjD8vwcXLWsmGil,丸型ダクト:00_丸タップ:41894732,丸型ダクト:00_丸タップ,2FL,ROUND,250.0,,,3371.174,3371.174,0.049087385,0.049080005,0.049080005,2.647714163,0.0,True,0.015038,False,IfcArbitraryClosedProfileDef,IfcIndexedPolyCurve,IFC_GEOMETRY,OK
2WhJK$bUjD8vwcXLWsmGii,丸型ダクト:00_丸タップ:41894735,丸型ダクト:00_丸タップ,2FL,ROUND,250.0,,,1115.0,1115.0,0.049087385,0.049080005,0.049080005,0.875718952,0.0,True,0.015038,False,IfcArbitraryClosedProfileDef,IfcIndexedPolyCurve,IFC_GEOMETRY,OK
2WhJK$bUjD8vwcXLWsmGio,丸型ダクト:00_丸タップ:41894737,丸型ダクト:00_丸タップ,2FL,ROUND,250.0,,,1265.0,1265.0,0.049087385,0.049080005,0.049080005,0.993528677,0.0,True,0.015038,False,IfcArbitraryClosedProfileDef,IfcIndexedPolyCurve,IFC_GEOMETRY,OK
2WhJK$bUjD8vwcXLWsmGiy,丸型ダクト:00_丸タップ:41894751,丸型ダクト:00_丸タップ,2FL,ROUND,250.0,,,2838.987,2838.987,0.049087385,0.049080005,0.049080005,2.229735401,0.0,True,0.015038,False,IfcArbitraryClosedProfileDef,IfcIndexedPolyCurve,IFC_GEOMETRY,OK
2WhJK$bUjD8vwcXLWsmGi0,丸型ダクト:00_丸タップ:41894755,丸型ダクト:00_丸タップ,2FL,ROUND,250.0,,,2220.0,2220.0,0.049087385,0.049080005,0.049080005,1.743583923,0.0,True,0.015038,False,IfcArbitraryClosedProfileDef,IfcIndexedPolyCurve,IFC_GEOMETRY,OK
2WhJK$bUjD8vwcXLWsmGi6,丸型ダクト:00_丸タップ:41894757,丸型ダクト:00_丸タップ,2FL,ROUND,250.0,,,125.0,125.0,0.049087385,0.049080005,0.049080005,0.09817477,0.0,True,0.015038,False,IfcArbitraryClosedProfileDef,IfcIndexedPolyCurve,IFC_GEOMETRY,OK
2WhJK$bUjD8vwcXLWsmGi4,丸型ダクト:00_丸タップ:41894759,丸型ダクト:00_丸タップ,2FL,ROUND,250.0,,,885.132,885.132,0.049087385,0.049080005,0.049080005,0.695180919,0.0,True,0.015038,False,IfcArbitraryClosedProfileDef,IfcIndexedPolyCurve,IFC_GEOMETRY,OK
2WhJK$bUjD8vwcXLWsmGiA,丸型ダクト:00_丸タップ:41894761,丸型ダクト:00_丸タップ,2FL,ROUND,250.0,,,125.0,125.0,0.049087385,0.049080005,0.049080005,0.09817477,0.0,True,0.015038,False,IfcArbitraryClosedProfileDef,IfcIndexedPolyCurve,IFC_GEOMETRY,OK
2WhJK$bUjD8vwcXLWsmGi8,丸型ダクト:00_丸タップ:41894763,丸型ダクト:00_丸タップ,2FL,ROUND,350.0,,,4299.819,4299.819,0.096211275,0.096196809,0.096196809,4.727898218,0.0,True,0.015038,False,IfcArbitraryClosedProfileDef,IfcIndexedPolyCurve,IFC_GEOMETRY,OK
2WhJK$bUjD8vwcXLWsmGiC,丸型ダクト:00_丸タップ:41894767,丸型ダクト:00_丸タップ,2FL,ROUND,250.0,,,1447.656,1447.656,0.049087385,0.049080005,0.049080005,1.136986721,0.0,True,0.015038,False,IfcArbitraryClosedProfileDef,IfcIndexedPolyCurve,IFC_GEOMETRY,OK
2WhJK$bUjD8vwcXLWsmGiH,丸型ダクト:00_丸タップ:41894770,丸型ダクト:00_丸タップ,2FL,ROUND,250.0,,,1385.919,1385.919,0.049087385,0.049080005,0.049080005,1.088498064,0.0,True,0.015038,False,IfcArbitraryClosedProfileDef,IfcIndexedPolyCurve,IFC_GEOMETRY,OK
2WhJK$bUjD8vwcXLWsmGiG,丸型ダクト:00_丸タップ:41894771,丸型ダクト:00_丸タップ,2FL,ROUND,250.0,,,2101.339,2101.339,0.049087385,0.049080005,0.049080005,1.65038768,0.0,True,0.015038,False,IfcArbitraryClosedProfileDef,IfcIndexedPolyCurve,IFC_GEOMETRY,OK
2WhJK$bUjD8vwcXLWsmGiM,丸型ダクト:00_丸タップ:41894773,丸型ダクト:00_丸タップ,2FL,ROUND,250.0,,,2101.339,2101.339,0.049087385,0.049080005,0.049080005,1.65038768,0.0,True,0.015038,False,IfcArbitraryClosedProfileDef,IfcIndexedPolyCurve,IFC_GEOMETRY,OK
2WhJK$bUjD8vwcXLWsmGiR,丸型ダクト:00_丸タップ:41894776,丸型ダクト:00_丸タップ,3FL,ROUND,200.0,,,330.0,330.0,0.031415927,0.031411203,0.031411203,0.207345115,0.0,True,0.015038,False,IfcArbitraryClosedProfileDef,IfcIndexedPolyCurve,IFC_GEOMETRY,OK
2WhJK$bUjD8vwcXLWsmGiP,丸型ダクト:00_丸タップ:41894778,丸型ダクト:00_丸タップ,3FL,ROUND,200.0,,,330.0,330.0,0.031415927,0.031411203,0.031411203,0.207345115,0.0,True,0.015038,False,IfcArbitraryClosedProfileDef,IfcIndexedPolyCurve,IFC_GEOMETRY,OK
2WhJK$bUjD8vwcXLWsmGiU,丸型ダクト:00_丸タップ:41894781,丸型ダクト:00_丸タップ,3FL,ROUND,200.0,,,2650.0,2650.0,0.031415927,0.031411203,0.031411203,1.665044106,0.0,True,0.015038,False,IfcArbitraryClosedProfileDef,IfcIndexedPolyCurve,IFC_GEOMETRY,OK
2WhJK$bUjD8vwcXLWsmGlX,丸型ダクト:00_丸タップ:41894786,丸型ダクト:00_丸タップ,3FL,ROUND,200.0,,,1287.751,1287.751,0.031415927,0.031411203,0.031411203,0.809117772,0.0,True,0.015038,False,IfcArbitraryClosedProfileDef,IfcIndexedPolyCurve,IFC_GEOMETRY,OK
2WhJK$bUjD8vwcXLWsmGlW,丸型ダクト:00_丸タップ:41894787,丸型ダクト:00_丸タップ,3FL,ROUND,200.0,,,685.0,685.0,0.031415927,0.031411203,0.031411203,0.430398194,0.0,True,0.015038,False,IfcArbitraryClosedProfileDef,IfcIndexedPolyCurve,IFC_GEOMETRY,OK
2WhJK$bUjD8vwcXLWsmGld,丸型ダクト:00_丸タップ:41894788,丸型ダクト:00_丸タップ,3FL,ROUND,200.0,,,1225.0,1225.0,0.031415927,0.031411203,0.031411203,0.7696902,0.0,True,0.015038,False,IfcArbitraryClosedProfileDef,IfcIndexedPolyCurve,IFC_GEOMETRY,OK
2WhJK$bUjD8vwcXLWsmGlc,丸型ダクト:00_丸タップ:41894789,丸型ダクト:00_丸タップ,3FL,ROUND,200.0,,,685.0,685.0,0.031415927,0.031411203,0.031411203,0.430398194,0.0,True,0.015038,False,IfcArbitraryClosedProfileDef,IfcIndexedPolyCurve,IFC_GEOMETRY,OK
2WhJK$bUjD8vwcXLWsmGlf,丸型ダクト:00_丸タップ:41894794,丸型ダクト:00_丸タップ,3FL,ROUND,250.0,,,440.0,440.0,0.049087385,0.049080005,0.049080005,0.345575192,0.0,True,0.015038,False,IfcArbitraryClosedProfileDef,IfcIndexedPolyCurve,IFC_GEOMETRY,OK
2WhJK$bUjD8vwcXLWsmGll,丸型ダクト:00_丸タップ:41894796,丸型ダクト:00_丸タップ,3FL,ROUND,250.0,,,4325.0,4325.0,0.049087385,0.049080005,0.049080005,3.396847057,0.0,True,0.015038,False,IfcArbitraryClosedProfileDef,IfcIndexedPolyCurve,IFC_GEOMETRY,OK
2WhJK$bUjD8vwcXLWsmGli,丸型ダクト:00_丸タップ:41894799,丸型ダクト:00_丸タップ,3FL,ROUND,250.0,,,440.0,440.0,0.049087385,0.049080005,0.049080005,0.345575192,0.0,True,0.015038,False,IfcArbitraryClosedProfileDef,IfcIndexedPolyCurve,IFC_GEOMETRY,OK
2WhJK$bUjD8vwcXLWsmGln,丸型ダクト:00_丸タップ:41894802,丸型ダクト:00_丸タップ,3FL,ROUND,200.0,,,3500.0,3500.0,0.031415927,0.031411203,0.031411203,2.199114858,0.0,True,0.015038,False,IfcArbitraryClosedProfileDef,IfcIndexedPolyCurve,IFC_GEOMETRY,OK
2WhJK$bUjD8vwcXLWsmGlm,丸型ダクト:00_丸タップ:41894803,丸型ダクト:00_丸タップ,3FL,ROUND,200.0,,,430.0,430.0,0.031415927,0.031411203,0.031411203,0.270176968,0.0,True,0.015038,False,IfcArbitraryClosedProfileDef,IfcIndexedPolyCurve,IFC_GEOMETRY,OK
2WhJK$bUjD8vwcXLWsmGlr,丸型ダクト:00_丸タップ:41894806,丸型ダクト:00_丸タップ,3FL,ROUND,250.0,,,2280.0,2280.0,0.049087385,0.049080005,0.049080005,1.790707813,0.0,True,0.015038,False,IfcArbitraryClosedProfileDef,IfcIndexedPolyCurve,IFC_GEOMETRY,OK
2WhJK$bUjD8vwcXLWsmGlv,丸型ダクト:00_丸タップ:41894810,丸型ダクト:00_丸タップ,3FL,ROUND,200.0,,,430.0,430.0,0.031415927,0.031411203,0.031411203,0.270176968,0.0,True,0.015038,False,IfcArbitraryClosedProfileDef,IfcIndexedPolyCurve,IFC_GEOMETRY,OK
2WhJK$bUjD8vwcXLWsmGl_,丸型ダクト:00_丸タップ:41894813,丸型ダクト:00_丸タップ,3FL,ROUND,200.0,,,1700.031,1700.031,0.031415927,0.031411203,0.031411203,1.068161078,0.0,True,0.015038,False,IfcArbitraryClosedProfileDef,IfcIndexedPolyCurve,IFC_GEOMETRY,OK
2WhJK$bUjD8vwcXLWsmGlz,丸型ダクト:00_丸タップ:41894814,丸型ダクト:00_丸タップ,3FL,ROUND,200.0,,,1399.969,1399.969,0.031415927,0.031411203,0.031411203,0.879626367,0.0,True,0.015038,False,IfcArbitraryClosedProfileDef,IfcIndexedPolyCurve,IFC_GEOMETRY,OK
2WhJK$bUjD8vwcXLWsmGly,丸型ダクト:00_丸タップ:41894815,丸型ダクト:00_丸タップ,3FL,ROUND,200.0,,,476.0,476.0,0.031415927,0.031411203,0.031411203,0.299079621,0.0,True,0.015038,False,IfcArbitraryClosedProfileDef,IfcIndexedPolyCurve,IFC_GEOMETRY,OK
2WhJK$bUjD8vwcXLWsmGl3,丸型ダクト:00_丸タップ:41894816,丸型ダクト:00_丸タップ,3FL,ROUND,200.0,,,476.0,476.0,0.031415927,0.031411203,0.031411203,0.299079621,0.0,True,0.015038,False,IfcArbitraryClosedProfileDef,IfcIndexedPolyCurve,IFC_GEOMETRY,OK
2WhJK$bUjD8vwcXLWsmGl0,丸型ダクト:00_丸タップ:41894819,丸型ダクト:00_丸タップ,3FL,ROUND,200.0,,,3500.0,3500.0,0.031415927,0.031411203,0.031411203,2.199114858,0.0,True,0.015038,False,IfcArbitraryClosedProfileDef,IfcIndexedPolyCurve,IFC_GEOMETRY,OK
2WhJK$bUjD8vwcXLWsmGl7,丸型ダクト:00_丸タップ:41894820,丸型ダクト:00_丸タップ,3FL,ROUND,200.0,,,430.0,430.0,0.031415927,0.031411203,0.031411203,0.270176968,0.0,True,0.015038,False,IfcArbitraryClosedProfileDef,IfcIndexedPolyCurve,IFC_GEOMETRY,OK
2WhJK$bUjD8vwcXLWsmGlB,丸型ダクト:00_丸タップ:41894824,丸型ダクト:00_丸タップ,3FL,ROUND,200.0,,,430.0,430.0,0.031415927,0.031411203,0.031411203,0.270176968,0.0,True,0.015038,False,IfcArbitraryClosedProfileDef,IfcIndexedPolyCurve,IFC_GEOMETRY,OK
2WhJK$bUjD8vwcXLWsmGl9,丸型ダクト:00_丸タップ:41894826,丸型ダクト:00_丸タップ,3FL,ROUND,200.0,,,880.0,880.0,0.031415927,0.031411203,0.031411203,0.552920307,0.0,True,0.015038,False,IfcArbitraryClosedProfileDef,IfcIndexedPolyCurve,IFC_GEOMETRY,OK
2WhJK$bUjD8vwcXLWsmGl8,丸型ダクト:00_丸タップ:41894827,丸型ダクト:00_丸タップ,3FL,ROUND,200.0,,,1906.0,1906.0,0.031415927,0.031411203,0.031411203,1.19757512,0.0,True,0.015038,False,IfcArbitraryClosedProfileDef,IfcIndexedPolyCurve,IFC_GEOMETRY,OK
2WhJK$bUjD8vwcXLWsmGlC,丸型ダクト:00_丸タップ:41894831,丸型ダクト:00_丸タップ,3FL,ROUND,250.0,,,500.0,500.0,0.049087385,0.049080005,0.049080005,0.392699082,0.0,True,0.015038,False,IfcArbitraryClosedProfileDef,IfcIndexedPolyCurve,IFC_GEOMETRY,OK
2WhJK$bUjD8vwcXLWsmGlJ,丸型ダクト:00_丸タップ:41894832,丸型ダクト:00_丸タップ,3FL,ROUND,200.0,,,1730.0,1730.0,0.031415927,0.031411203,0.031411203,1.086991058,0.0,True,0.015038,False,IfcArbitraryClosedProfileDef,IfcIndexedPolyCurve,IFC_GEOMETRY,OK
2WhJK$bUjD8vwcXLWsmGlI,丸型ダクト:00_丸タップ:41894833,丸型ダクト:00_丸タップ,3FL,ROUND,200.0,,,1560.0,1560.0,0.031415927,0.031411203,0.031411203,0.980176908,0.0,True,0.015038,False,IfcArbitraryClosedProfileDef,IfcIndexedPolyCurve,IFC_GEOMETRY,OK
2WhJK$bUjD8vwcXLWsmGlM,丸型ダクト:00_丸タップ:41894837,丸型ダクト:00_丸タップ,3FL,ROUND,250.0,,,2230.0,2230.0,0.049087385,0.049080005,0.049080005,1.751437904,0.0,True,0.015038,False,IfcArbitraryClosedProfileDef,IfcIndexedPolyCurve,IFC_GEOMETRY,OK
2WhJK$bUjD8vwcXLWsmGlR,丸型ダクト:00_丸タップ:41894840,丸型ダクト:00_丸タップ,3FL,ROUND,200.0,,,710.699,710.699,0.031415927,0.031411203,0.031411203,0.446545286,0.0,True,0.015038,False,IfcArbitraryClosedProfileDef,IfcIndexedPolyCurve,IFC_GEOMETRY,OK
2WhJK$bUjD8vwcXLWsmGlP,丸型ダクト:00_丸タップ:41894842,丸型ダクト:00_丸タップ,3FL,ROUND,250.0,,,309.969,309.969,0.049087385,0.049080005,0.049080005,0.243448961,0.0,True,0.015038,False,IfcArbitraryClosedProfileDef,IfcIndexedPolyCurve,IFC_GEOMETRY,OK
2WhJK$bUjD8vwcXLWsmGlU,丸型ダクト:00_丸タップ:41894845,丸型ダクト:00_丸タップ,3FL,ROUND,200.0,,,1200.0,1200.0,0.031415927,0.031411203,0.031411203,0.753982237,0.0,True,0.015038,False,IfcArbitraryClosedProfileDef,IfcIndexedPolyCurve,IFC_GEOMETRY,OK
2WhJK$bUjD8vwcXLWsmGlT,丸型ダクト:00_丸タップ:41894846,丸型ダクト:00_丸タップ,3FL,ROUND,200.0,,,1200.0,1200.0,0.031415927,0.031411203,0.031411203,0.753982237,0.0,True,0.015038,False,IfcArbitraryClosedProfileDef,IfcIndexedPolyCurve,IFC_GEOMETRY,OK
2WhJK$bUjD8vwcXLWsmGlS,丸型ダクト:00_丸タップ:41894847,丸型ダクト:00_丸タップ,3FL,ROUND,200.0,,,476.0,476.0,0.031415927,0.031411203,0.031411203,0.299079621,0.0,True,0.015038,False,IfcArbitraryClosedProfileDef,IfcIndexedPolyCurve,IFC_GEOMETRY,OK
2WhJK$bUjD8vwcXLWsmGkZ,丸型ダクト:00_丸タップ:41894848,丸型ダクト:00_丸タップ,3FL,ROUND,200.0,,,476.0,476.0,0.031415927,0.031411203,0.031411203,0.299079621,0.0,True,0.015038,False,IfcArbitraryClosedProfileDef,IfcIndexedPolyCurve,IFC_GEOMETRY,OK
2WhJK$bUjD8vwcXLWsmGkX,丸型ダクト:00_丸タップ:41894850,丸型ダクト:00_丸タップ,3FL,ROUND,250.0,,,1423.157,1423.157,0.049087385,0.049080005,0.049080005,1.11774512,0.0,True,0.015038,False,IfcArbitraryClosedProfileDef,IfcIndexedPolyCurve,IFC_GEOMETRY,OK
2WhJK$bUjD8vwcXLWsmGkW,丸型ダクト:00_丸タップ:41894851,丸型ダクト:00_丸タップ,3FL,ROUND,200.0,,,1810.0,1810.0,0.031415927,0.031411203,0.031411203,1.137256541,0.0,True,0.015038,False,IfcArbitraryClosedProfileDef,IfcIndexedPolyCurve,IFC_GEOMETRY,OK
2WhJK$bUjD8vwcXLWsmGkd,丸型ダクト:00_丸タップ:41894852,丸型ダクト:00_丸タップ,3FL,ROUND,200.0,,,429.969,429.969,0.031415927,0.031411203,0.031411203,0.270157392,0.0,True,0.015038,False,IfcArbitraryClosedProfileDef,IfcIndexedPolyCurve,IFC_GEOMETRY,OK
2WhJK$bUjD8vwcXLWsmGka,丸型ダクト:00_丸タップ:41894855,丸型ダクト:00_丸タップ,3FL,ROUND,200.0,,,3040.0,3040.0,0.031415927,0.031411203,0.031411203,1.910088333,0.0,True,0.015038,False,IfcArbitraryClosedProfileDef,IfcIndexedPolyCurve,IFC_GEOMETRY,OK
2WhJK$bUjD8vwcXLWsmGkl,丸型ダクト:00_丸タップ:41894860,丸型ダクト:00_丸タップ,3FL,ROUND,250.0,,,1900.0,1900.0,0.049087385,0.049080005,0.049080005,1.49225651,0.0,True,0.015038,False,IfcArbitraryClosedProfileDef,IfcIndexedPolyCurve,IFC_GEOMETRY,OK
2WhJK$bUjD8vwcXLWsmGkp,丸型ダクト:00_丸タップ:41894864,丸型ダクト:00_丸タップ,3FL,ROUND,200.0,,,820.0,820.0,0.031415927,0.031411203,0.031411203,0.515221195,0.0,True,0.015038,False,IfcArbitraryClosedProfileDef,IfcIndexedPolyCurve,IFC_GEOMETRY,OK
2WhJK$bUjD8vwcXLWsmGko,丸型ダクト:00_丸タップ:41894865,丸型ダクト:00_丸タップ,3FL,ROUND,200.0,,,1580.0,1580.0,0.031415927,0.031411203,0.031411203,0.992743279,0.0,True,0.015038,False,IfcArbitraryClosedProfileDef,IfcIndexedPolyCurve,IFC_GEOMETRY,OK
2WhJK$bUjD8vwcXLWsmGkn,丸型ダクト:00_丸タップ:41894866,丸型ダクト:00_丸タップ,3FL,ROUND,200.0,,,476.0,476.0,0.031415927,0.031411203,0.031411203,0.299079621,0.0,True,0.015038,False,IfcArbitraryClosedProfileDef,IfcIndexedPolyCurve,IFC_GEOMETRY,OK
2WhJK$bUjD8vwcXLWsmGkm,丸型ダクト:00_丸タップ:41894867,丸型ダクト:00_丸タップ,3FL,ROUND,200.0,,,476.0,476.0,0.031415927,0.031411203,0.031411203,0.299079621,0.0,True,0.015038,False,IfcArbitraryClosedProfileDef,IfcIndexedPolyCurve,IFC_GEOMETRY,OK
2WhJK$bUjD8vwcXLWsmGkt,丸型ダクト:00_丸タップ:41894868,丸型ダクト:00_丸タップ,3FL,ROUND,250.0,,,2276.769,2276.769,0.049087385,0.049080005,0.049080005,1.788170144,0.0,True,0.015038,False,IfcArbitraryClosedProfileDef,IfcIndexedPolyCurve,IFC_GEOMETRY,OK
2WhJK$bUjD8vwcXLWsmGkr,丸型ダクト:00_丸タップ:41894870,丸型ダクト:00_丸タップ,3FL,ROUND,200.0,,,1810.0,1810.0,0.031415927,0.031411203,0.031411203,1.137256541,0.0,True,0.015038,False,IfcArbitraryClosedProfileDef,IfcIndexedPolyCurve,IFC_GEOMETRY,OK
2WhJK$bUjD8vwcXLWsmGkv,丸型ダクト:00_丸タップ:41894874,丸型ダクト:00_丸タップ,3FL,ROUND,200.0,,,3040.0,3040.0,0.031415927,0.031411203,0.031411203,1.910088333,0.0,True,0.015038,False,IfcArbitraryClosedProfileDef,IfcIndexedPolyCurve,IFC_GEOMETRY,OK
2WhJK$bUjD8vwcXLWsmGk7,丸型ダクト:00_丸タップ:41894884,丸型ダクト:00_丸タップ,3FL,ROUND,200.0,,,1899.157,1899.157,0.031415927,0.031411203,0.031411203,1.193275716,0.0,True,0.015038,False,IfcArbitraryClosedProfileDef,IfcIndexedPolyCurve,IFC_GEOMETRY,OK
2WhJK$bUjD8vwcXLWsmGk6,丸型ダクト:00_丸タップ:41894885,丸型ダクト:00_丸タップ,3FL,ROUND,200.0,,,1810.0,1810.0,0.031415927,0.031411203,0.031411203,1.137256541,0.0,True,0.015038,False,IfcArbitraryClosedProfileDef,IfcIndexedPolyCurve,IFC_GEOMETRY,OK
2WhJK$bUjD8vwcXLWsmGkA,丸型ダクト:00_丸タップ:41894889,丸型ダクト:00_丸タップ,3FL,ROUND,200.0,,,3040.0,3040.0,0.031415927,0.031411203,0.031411203,1.910088333,0.0,True,0.015038,False,IfcArbitraryClosedProfileDef,IfcIndexedPolyCurve,IFC_GEOMETRY,OK
2WhJK$bUjD8vwcXLWsmGkD,丸型ダクト:00_丸タップ:41894894,丸型ダクト:00_丸タップ,3FL,ROUND,200.0,,,780.0,780.0,0.031415927,0.031411203,0.031411203,0.490088454,0.0,True,0.015038,False,IfcArbitraryClosedProfileDef,IfcIndexedPolyCurve,IFC_GEOMETRY,OK
2WhJK$bUjD8vwcXLWsmGkC,丸型ダクト:00_丸タップ:41894895,丸型ダクト:00_丸タップ,3FL,ROUND,200.0,,,4700.0,4700.0,0.031415927,0.031411203,0.031411203,2.953097094,0.0,True,0.015038,False,IfcArbitraryClosedProfileDef,IfcIndexedPolyCurve,IFC_GEOMETRY,OK
2WhJK$bUjD8vwcXLWsmGkH,丸型ダクト:00_丸タップ:41894898,丸型ダクト:00_丸タップ,3FL,ROUND,200.0,,,601.461,601.461,0.031415927,0.031411203,0.031411203,0.377908998,0.0,True,0.015038,False,IfcArbitraryClosedProfileDef,IfcIndexedPolyCurve,IFC_GEOMETRY,OK
2WhJK$bUjD8vwcXLWsmGkN,丸型ダクト:00_丸タップ:41894900,丸型ダクト:00_丸タップ,3FL,ROUND,200.0,,,4700.0,4700.0,0.031415927,0.031411203,0.031411203,2.953097094,0.0,True,0.015038,False,IfcArbitraryClosedProfileDef,IfcIndexedPolyCurve,IFC_GEOMETRY,OK
2WhJK$bUjD8vwcXLWsmGkL,丸型ダクト:00_丸タップ:41894902,丸型ダクト:00_丸タップ,3FL,ROUND,250.0,,,1995.045,1995.045,0.049087385,0.049080005,0.049080005,1.566904645,0.0,True,0.015038,False,IfcArbitraryClosedProfileDef,IfcIndexedPolyCurve,IFC_GEOMETRY,OK
2WhJK$bUjD8vwcXLWsmGkQ,丸型ダクト:00_丸タップ:41894905,丸型ダクト:00_丸タップ,3FL,ROUND,200.0,,,601.461,601.461,0.031415927,0.031411203,0.031411203,0.377908998,0.0,True,0.015038,False,IfcArbitraryClosedProfileDef,IfcIndexedPolyCurve,IFC_GEOMETRY,OK
2WhJK$bUjD8vwcXLWsmGkU,丸型ダクト:00_丸タップ:41894909,丸型ダクト:00_丸タップ,3FL,ROUND,200.0,,,2477.524,2477.524,0.031415927,0.031411203,0.031411203,1.556674036,0.0,True,0.015038,False,IfcArbitraryClosedProfileDef,IfcIndexedPolyCurve,IFC_GEOMETRY,OK
2WhJK$bUjD8vwcXLWsmGkT,丸型ダクト:00_丸タップ:41894910,丸型ダクト:00_丸タップ,3FL,ROUND,200.0,,,930.309,930.309,0.031415927,0.031411203,0.031411203,0.584530119,0.0,True,0.015038,False,IfcArbitraryClosedProfileDef,IfcIndexedPolyCurve,IFC_GEOMETRY,OK
2WhJK$bUjD8vwcXLWsmGkS,丸型ダクト:00_丸タップ:41894911,丸型ダクト:00_丸タップ,3FL,ROUND,200.0,,,476.0,476.0,0.031415927,0.031411203,0.031411203,0.299079621,0.0,True,0.015038,False,IfcArbitraryClosedProfileDef,IfcIndexedPolyCurve,IFC_GEOMETRY,OK
2WhJK$bUjD8vwcXLWsmGnZ,丸型ダクト:00_丸タップ:41894912,丸型ダクト:00_丸タップ,3FL,ROUND,200.0,,,476.0,476.0,0.031415927,0.031411203,0.031411203,0.299079621,0.0,True,0.015038,False,IfcArbitraryClosedProfileDef,IfcIndexedPolyCurve,IFC_GEOMETRY,OK
2WhJK$bUjD8vwcXLWsmGnX,丸型ダクト:00_丸タップ:41894914,丸型ダクト:00_丸タップ,3FL,ROUND,250.0,,,357.855,357.855,0.049087385,0.049080005,0.049080005,0.281058997,0.0,True,0.015038,False,IfcArbitraryClosedProfileDef,IfcIndexedPolyCurve,IFC_GEOMETRY,OK
2WhJK$bUjD8vwcXLWsmGnd,丸型ダクト:00_丸タップ:41894916,丸型ダクト:00_丸タップ,3FL,ROUND,200.0,,,654.955,654.955,0.031415927,0.031411203,0.031411203,0.411520391,0.0,True,0.015038,False,IfcArbitraryClosedProfileDef,IfcIndexedPolyCurve,IFC_GEOMETRY,OK
2WhJK$bUjD8vwcXLWsmGnc,丸型ダクト:00_丸タップ:41894917,丸型ダクト:00_丸タップ,3FL,ROUND,200.0,,,654.955,654.955,0.031415927,0.031411203,0.031411203,0.411520391,0.0,True,0.015038,False,IfcArbitraryClosedProfileDef,IfcIndexedPolyCurve,IFC_GEOMETRY,OK
2WhJK$bUjD8vwcXLWsmGnb,丸型ダクト:00_丸タップ:41894918,丸型ダクト:00_丸タップ,3FL,ROUND,250.0,,,1325.0,1325.0,0.049087385,0.049080005,0.049080005,1.040652567,0.0,True,0.015038,False,IfcArbitraryClosedProfileDef,IfcIndexedPolyCurve,IFC_GEOMETRY,OK
2WhJK$bUjD8vwcXLWsmGna,丸型ダクト:00_丸タップ:41894919,丸型ダクト:00_丸タップ,3FL,ROUND,200.0,,,1161.011,1161.011,0.031415927,0.031411203,0.031411203,0.729484928,0.0,True,0.015038,False,IfcArbitraryClosedProfileDef,IfcIndexedPolyCurve,IFC_GEOMETRY,OK
2WhJK$bUjD8vwcXLWsmGnh,丸型ダクト:00_丸タップ:41894920,丸型ダクト:00_丸タップ,3FL,ROUND,200.0,,,476.0,476.0,0.031415927,0.031411203,0.031411203,0.299079621,0.0,True,0.015038,False,IfcArbitraryClosedProfileDef,IfcIndexedPolyCurve,IFC_GEOMETRY,OK
2WhJK$bUjD8vwcXLWsmGng,丸型ダクト:00_丸タップ:41894921,丸型ダクト:00_丸タップ,3FL,ROUND,200.0,,,1238.989,1238.989,0.031415927,0.031411203,0.031411203,0.778479546,0.0,True,0.015038,False,IfcArbitraryClosedProfileDef,IfcIndexedPolyCurve,IFC_GEOMETRY,OK
2WhJK$bUjD8vwcXLWsmGnf,丸型ダクト:00_丸タップ:41894922,丸型ダクト:00_丸タップ,3FL,ROUND,200.0,,,476.0,476.0,0.031415927,0.031411203,0.031411203,0.299079621,0.0,True,0.015038,False,IfcArbitraryClosedProfileDef,IfcIndexedPolyCurve,IFC_GEOMETRY,OK
2WhJK$bUjD8vwcXLWsmGnj,丸型ダクト:00_丸タップ:41894926,丸型ダクト:00_丸タップ,3FL,ROUND,200.0,,,580.0,580.0,0.031415927,0.031411203,0.031411203,0.364424748,0.0,True,0.015038,False,IfcArbitraryClosedProfileDef,IfcIndexedPolyCurve,IFC_GEOMETRY,OK
2WhJK$bUjD8vwcXLWsmGno,丸型ダクト:00_丸タップ:41894929,丸型ダクト:00_丸タップ,3FL,ROUND,250.0,,,681.355,681.355,0.049087385,0.049080005,0.049080005,0.5351353,0.0,True,0.015038,False,IfcArbitraryClosedProfileDef,IfcIndexedPolyCurve,IFC_GEOMETRY,OK
2WhJK$bUjD8vwcXLWsmGnn,丸型ダクト:00_丸タップ:41894930,丸型ダクト:00_丸タップ,3FL,ROUND,250.0,,,668.645,668.645,0.049087385,0.049080005,0.049080005,0.52515222,0.0,True,0.015038,False,IfcArbitraryClosedProfileDef,IfcIndexedPolyCurve,IFC_GEOMETRY,OK
2WhJK$bUjD8vwcXLWsmGnt,丸型ダクト:00_丸タップ:41894932,丸型ダクト:00_丸タップ,3FL,ROUND,200.0,,,500.0,500.0,0.031415927,0.031411203,0.031411203,0.314159265,0.0,True,0.015038,False,IfcArbitraryClosedProfileDef,IfcIndexedPolyCurve,IFC_GEOMETRY,OK
2WhJK$bUjD8vwcXLWsmGns,丸型ダクト:00_丸タップ:41894933,丸型ダクト:00_丸タップ,3FL,ROUND,200.0,,,580.0,580.0,0.031415927,0.031411203,0.031411203,0.364424748,0.0,True,0.015038,False,IfcArbitraryClosedProfileDef,IfcIndexedPolyCurve,IFC_GEOMETRY,OK
2WhJK$bUjD8vwcXLWsmGnx,丸型ダクト:00_丸タップ:41894936,丸型ダクト:00_丸タップ,3FL,ROUND,200.0,,,1280.0,1280.0,0.031415927,0.031411203,0.031411203,0.804247719,0.0,True,0.015038,False,IfcArbitraryClosedProfileDef,IfcIndexedPolyCurve,IFC_GEOMETRY,OK
2WhJK$bUjD8vwcXLWsmGnw,丸型ダクト:00_丸タップ:41894937,丸型ダクト:00_丸タップ,3FL,ROUND,200.0,,,1820.0,1820.0,0.031415927,0.031411203,0.031411203,1.143539726,0.0,True,0.015038,False,IfcArbitraryClosedProfileDef,IfcIndexedPolyCurve,IFC_GEOMETRY,OK
2WhJK$bUjD8vwcXLWsmGnu,丸型ダクト:00_丸タップ:41894939,丸型ダクト:00_丸タップ,3FL,ROUND,200.0,,,580.0,580.0,0.031415927,0.031411203,0.031411203,0.364424748,0.0,True,0.015038,False,IfcArbitraryClosedProfileDef,IfcIndexedPolyCurve,IFC_GEOMETRY,OK
2WhJK$bUjD8vwcXLWsmGn$,丸型ダクト:00_丸タップ:41894940,丸型ダクト:00_丸タップ,3FL,ROUND,200.0,,,1280.0,1280.0,0.031415927,0.031411203,0.031411203,0.804247719,0.0,True,0.015038,False,IfcArbitraryClosedProfileDef,IfcIndexedPolyCurve,IFC_GEOMETRY,OK
2WhJK$bUjD8vwcXLWsmGny,丸型ダクト:00_丸タップ:41894943,丸型ダクト:00_丸タップ,3FL,ROUND,250.0,,,1061.011,1061.011,0.049087385,0.049080005,0.049080005,0.833316344,0.0,True,0.015038,False,IfcArbitraryClosedProfileDef,IfcIndexedPolyCurve,IFC_GEOMETRY,OK
2WhJK$bUjD8vwcXLWsmGmd,丸型ダクト:00_丸タップ:41894980,丸型ダクト:00_丸タップ,3FL,ROUND,150.0,,,464.511,464.511,0.017671459,0.017668802,0.017668802,0.218895804,0.0,True,0.015038,False,IfcArbitraryClosedProfileDef,IfcIndexedPolyCurve,IFC_GEOMETRY,OK
2WhJK$bUjD8vwcXLWsmGmc,丸型ダクト:00_丸タップ:41894981,丸型ダクト:00_丸タップ,3FL,ROUND,150.0,,,1801.363,1801.363,0.017671459,0.017668802,0.017668802,0.848872534,0.0,True,0.015038,False,IfcArbitraryClosedProfileDef,IfcIndexedPolyCurve,IFC_GEOMETRY,OK
2WhJK$bUjD8vwcXLWsmGmb,丸型ダクト:00_丸タップ:41894982,丸型ダクト:00_丸タップ,3FL,ROUND,150.0,,,1801.363,1801.363,0.017671459,0.017668802,0.017668802,0.848872534,0.0,True,0.015038,False,IfcArbitraryClosedProfileDef,IfcIndexedPolyCurve,IFC_GEOMETRY,OK
2WhJK$bUjD8vwcXLWsmGma,丸型ダクト:00_丸タップ:41894983,丸型ダクト:00_丸タップ,3FL,ROUND,150.0,,,1801.363,1801.363,0.017671459,0.017668802,0.017668802,0.848872534,0.0,True,0.015038,False,IfcArbitraryClosedProfileDef,IfcIndexedPolyCurve,IFC_GEOMETRY,OK
2WhJK$bUjD8vwcXLWsmGmh,丸型ダクト:00_丸タップ:41894984,丸型ダクト:00_丸タップ,3FL,ROUND,150.0,,,540.0,540.0,0.017671459,0.017668802,0.017668802,0.254469005,0.0,True,0.015038,False,IfcArbitraryClosedProfileDef,IfcIndexedPolyCurve,IFC_GEOMETRY,OK
2WhJK$bUjD8vwcXLWsmGmg,丸型ダクト:00_丸タップ:41894985,丸型ダクト:00_丸タップ,3FL,ROUND,150.0,,,1867.382,1867.382,0.017671459,0.017668802,0.017668802,0.879983116,0.0,True,0.015038,False,IfcArbitraryClosedProfileDef,IfcIndexedPolyCurve,IFC_GEOMETRY,OK
2WhJK$bUjD8vwcXLWsmGmf,丸型ダクト:00_丸タップ:41894986,丸型ダクト:00_丸タップ,3FL,ROUND,150.0,,,885.0,885.0,0.017671459,0.017668802,0.017668802,0.417046425,0.0,True,0.015038,False,IfcArbitraryClosedProfileDef,IfcIndexedPolyCurve,IFC_GEOMETRY,OK
2WhJK$bUjD8vwcXLWsmGml,丸型ダクト:00_丸タップ:41894988,丸型ダクト:00_丸タップ,3FL,ROUND,150.0,,,367.5,367.5,0.017671459,0.017668802,0.017668802,0.173180295,0.0,True,0.015038,False,IfcArbitraryClosedProfileDef,IfcIndexedPolyCurve,IFC_GEOMETRY,OK
2WhJK$bUjD8vwcXLWsmGmj,丸型ダクト:00_丸タップ:41894990,丸型ダクト:00_丸タップ,3FL,ROUND,150.0,,,762.5,762.5,0.017671459,0.017668802,0.017668802,0.35931966,0.0,True,0.015038,False,IfcArbitraryClosedProfileDef,IfcIndexedPolyCurve,IFC_GEOMETRY,OK
2WhJK$bUjD8vwcXLWsmGmp,丸型ダクト:00_丸タップ:41894992,丸型ダクト:00_丸タップ,3FL,ROUND,150.0,,,840.93,840.93,0.017671459,0.017668802,0.017668802,0.396278723,0.0,True,0.015038,False,IfcArbitraryClosedProfileDef,IfcIndexedPolyCurve,IFC_GEOMETRY,OK
2WhJK$bUjD8vwcXLWsmGmo,丸型ダクト:00_丸タップ:41894993,丸型ダクト:00_丸タップ,3FL,ROUND,150.0,,,1475.0,1475.0,0.017671459,0.017668802,0.017668802,0.695077375,0.0,True,0.015038,False,IfcArbitraryClosedProfileDef,IfcIndexedPolyCurve,IFC_GEOMETRY,OK
2WhJK$bUjD8vwcXLWsmGmt,丸型ダクト:00_丸タップ:41894996,丸型ダクト:00_丸タップ,3FL,ROUND,250.0,,,1539.062,1539.062,0.049087385,0.049080005,0.049080005,1.208776564,0.0,True,0.015038,False,IfcArbitraryClosedProfileDef,IfcIndexedPolyCurve,IFC_GEOMETRY,OK
2WhJK$bUjD8vwcXLWsmGms,丸型ダクト:00_丸タップ:41894997,丸型ダクト:00_丸タップ,3FL,ROUND,250.0,,,625.0,625.0,0.049087385,0.049080005,0.049080005,0.490873852,0.0,True,0.015038,False,IfcArbitraryClosedProfileDef,IfcIndexedPolyCurve,IFC_GEOMETRY,OK
2WhJK$bUjD8vwcXLWsmGmr,丸型ダクト:00_丸タップ:41894998,丸型ダクト:00_丸タップ,3FL,ROUND,100.0,,,425.0,425.0,0.007853982,0.007852801,0.007852801,0.133517688,0.0,True,0.015038,False,IfcArbitraryClosedProfileDef,IfcIndexedPolyCurve,IFC_GEOMETRY,OK
2WhJK$bUjD8vwcXLWsmGmx,丸型ダクト:00_丸タップ:41895000,丸型ダクト:00_丸タップ,3FL,ROUND,100.0,,,1065.0,1065.0,0.007853982,0.007852801,0.007852801,0.334579618,0.0,True,0.015038,False,IfcArbitraryClosedProfileDef,IfcIndexedPolyCurve,IFC_GEOMETRY,OK
2WhJK$bUjD8vwcXLWsmGmw,丸型ダクト:00_丸タップ:41895001,丸型ダクト:00_丸タップ,3FL,ROUND,250.0,,,275.0,275.0,0.049087385,0.049080005,0.049080005,0.215984495,0.0,True,0.015038,False,IfcArbitraryClosedProfileDef,IfcIndexedPolyCurve,IFC_GEOMETRY,OK
2WhJK$bUjD8vwcXLWsmGmv,丸型ダクト:00_丸タップ:41895002,丸型ダクト:00_丸タップ,3FL,ROUND,250.0,,,940.0,940.0,0.049087385,0.049080005,0.049080005,0.738274274,0.0,True,0.015038,False,IfcArbitraryClosedProfileDef,IfcIndexedPolyCurve,IFC_GEOMETRY,OK
2WhJK$bUjD8vwcXLWsmGmu,丸型ダクト:00_丸タップ:41895003,丸型ダクト:00_丸タップ,3FL,ROUND,150.0,,,1898.478,1898.478,0.017671459,0.017668802,0.017668802,0.894636548,0.0,True,0.015038,False,IfcArbitraryClosedProfileDef,IfcIndexedPolyCurve,IFC_GEOMETRY,OK
2WhJK$bUjD8vwcXLWsmGm$,丸型ダクト:00_丸タップ:41895004,丸型ダクト:00_丸タップ,3FL,ROUND,250.0,,,401.625,401.625,0.049087385,0.049080005,0.049080005,0.315435432,0.0,True,0.015038,False,IfcArbitraryClosedProfileDef,IfcIndexedPolyCurve,IFC_GEOMETRY,OK
2WhJK$bUjD8vwcXLWsmGmz,丸型ダクト:00_丸タップ:41895006,丸型ダクト:00_丸タップ,3FL,ROUND,250.0,,,1038.812,1038.812,0.049087385,0.049080005,0.049080005,0.815880995,0.0,True,0.015038,False,IfcArbitraryClosedProfileDef,IfcIndexedPolyCurve,IFC_GEOMETRY,OK
2WhJK$bUjD8vwcXLWsmGmy,丸型ダクト:00_丸タップ:41895007,丸型ダクト:00_丸タップ,3FL,ROUND,250.0,,,465.0,465.0,0.049087385,0.049080005,0.049080005,0.365210146,0.0,True,0.015038,False,IfcArbitraryClosedProfileDef,IfcIndexedPolyCurve,IFC_GEOMETRY,OK
2WhJK$bUjD8vwcXLWsmGm3,丸型ダクト:00_丸タップ:41895008,丸型ダクト:00_丸タップ,3FL,ROUND,250.0,,,480.0,480.0,0.049087385,0.049080005,0.049080005,0.376991118,0.0,True,0.015038,False,IfcArbitraryClosedProfileDef,IfcIndexedPolyCurve,IFC_GEOMETRY,OK
2WhJK$bUjD8vwcXLWsmGmB,丸型ダクト:00_丸タップ:41895016,丸型ダクト:00_丸タップ,3FL,ROUND,150.0,,,1942.382,1942.382,0.017671459,0.017668802,0.017668802,0.915326034,0.0,True,0.015038,False,IfcArbitraryClosedProfileDef,IfcIndexedPolyCurve,IFC_GEOMETRY,OK
2WhJK$bUjD8vwcXLWsmGmA,丸型ダクト:00_丸タップ:41895017,丸型ダクト:00_丸タップ,3FL,ROUND,150.0,,,915.93,915.93,0.017671459,0.017668802,0.017668802,0.431621641,0.0,True,0.015038,False,IfcArbitraryClosedProfileDef,IfcIndexedPolyCurve,IFC_GEOMETRY,OK
2WhJK$bUjD8vwcXLWsmGm9,丸型ダクト:00_丸タップ:41895018,丸型ダクト:00_丸タップ,3FL,ROUND,250.0,,,585.0,585.0,0.049087385,0.049080005,0.049080005,0.459457926,0.0,True,0.015038,False,IfcArbitraryClosedProfileDef,IfcIndexedPolyCurve,IFC_GEOMETRY,OK
2WhJK$bUjD8vwcXLWsmGm8,丸型ダクト:00_丸タップ:41895019,丸型ダクト:00_丸タップ,3FL,ROUND,250.0,,,385.0,385.0,0.049087385,0.049080005,0.049080005,0.302378293,0.0,True,0.015038,False,IfcArbitraryClosedProfileDef,IfcIndexedPolyCurve,IFC_GEOMETRY,OK
2WhJK$bUjD8vwcXLWsmGmF,丸型ダクト:00_丸タップ:41895020,丸型ダクト:00_丸タップ,3FL,ROUND,200.0,,,1047.956,1047.956,0.031415927,0.031411203,0.031411203,0.658450469,0.0,True,0.015038,False,IfcArbitraryClosedProfileDef,IfcIndexedPolyCurve,IFC_GEOMETRY,OK
2WhJK$bUjD8vwcXLWsmGmE,丸型ダクト:00_丸タップ:41895021,丸型ダクト:00_丸タップ,3FL,ROUND,200.0,,,1250.0,1250.0,0.031415927,0.031411203,0.031411203,0.785398163,0.0,True,0.015038,False,IfcArbitraryClosedProfileDef,IfcIndexedPolyCurve,IFC_GEOMETRY,OK
2WhJK$bUjD8vwcXLWsmGmD,丸型ダクト:00_丸タップ:41895022,丸型ダクト:00_丸タップ,3FL,ROUND,200.0,,,714.929,714.929,0.031415927,0.031411203,0.031411203,0.449202829,0.0,True,0.015038,False,IfcArbitraryClosedProfileDef,IfcIndexedPolyCurve,IFC_GEOMETRY,OK
2WhJK$bUjD8vwcXLWsmGmI,丸型ダクト:00_丸タップ:41895025,丸型ダクト:00_丸タップ,3FL,ROUND,150.0,,,1956.843,1956.843,0.017671459,0.017668802,0.017668802,0.922140403,0.0,True,0.015038,False,IfcArbitraryClosedProfileDef,IfcIndexedPolyCurve,IFC_GEOMETRY,OK
2WhJK$bUjD8vwcXLWsmGmH,丸型ダクト:00_丸タップ:41895026,丸型ダクト:00_丸タップ,3FL,ROUND,250.0,,,316.0,316.0,0.049087385,0.049080005,0.049080005,0.24818582,0.0,True,0.015038,False,IfcArbitraryClosedProfileDef,IfcIndexedPolyCurve,IFC_GEOMETRY,OK
2WhJK$bUjD8vwcXLWsmGmG,丸型ダクト:00_丸タップ:41895027,丸型ダクト:00_丸タップ,3FL,ROUND,150.0,,,843.157,843.157,0.017671459,0.017668802,0.017668802,0.397328511,0.0,True,0.015038,False,IfcArbitraryClosedProfileDef,IfcIndexedPolyCurve,IFC_GEOMETRY,OK
2WhJK$bUjD8vwcXLWsmGmN,丸型ダクト:00_丸タップ:41895028,丸型ダクト:00_丸タップ,3FL,ROUND,150.0,,,1600.0,1600.0,0.017671459,0.017668802,0.017668802,0.753982237,0.0,True,0.015038,False,IfcArbitraryClosedProfileDef,IfcIndexedPolyCurve,IFC_GEOMETRY,OK
2WhJK$bUjD8vwcXLWsmGmM,丸型ダクト:00_丸タップ:41895029,丸型ダクト:00_丸タップ,3FL,ROUND,150.0,,,763.157,763.157,0.017671459,0.017668802,0.017668802,0.359629399,0.0,True,0.015038,False,IfcArbitraryClosedProfileDef,IfcIndexedPolyCurve,IFC_GEOMETRY,OK
2WhJK$bUjD8vwcXLWsmGmL,丸型ダクト:00_丸タップ:41895030,丸型ダクト:00_丸タップ,3FL,ROUND,250.0,,,259.125,259.125,0.049087385,0.049080005,0.049080005,0.203516193,0.0,True,0.015038,False,IfcArbitraryClosedProfileDef,IfcIndexedPolyCurve,IFC_GEOMETRY,OK
2WhJK$bUjD8vwcXLWsmGpZ,丸型ダクト:00_丸タップ:41895040,丸型ダクト:00_丸タップ,2FL,ROUND,200.0,,,782.859,782.859,0.031415927,0.031411203,0.031411203,0.491884523,0.0,True,0.015038,False,IfcArbitraryClosedProfileDef,IfcIndexedPolyCurve,IFC_GEOMETRY,OK
2WhJK$bUjD8vwcXLWsmGpW,丸型ダクト:00_丸タップ:41895043,丸型ダクト:00_丸タップ,2FL,ROUND,200.0,,,208.682,208.682,0.031415927,0.031411203,0.031411203,0.131118695,0.0,True,0.015038,False,IfcArbitraryClosedProfileDef,IfcIndexedPolyCurve,IFC_GEOMETRY,OK
2WhJK$bUjD8vwcXLWsmGpc,丸型ダクト:00_丸タップ:41895045,丸型ダクト:00_丸タップ,2FL,ROUND,200.0,,,1408.282,1408.282,0.031415927,0.031411203,0.031411203,0.884849679,0.0,True,0.015038,False,IfcArbitraryClosedProfileDef,IfcIndexedPolyCurve,IFC_GEOMETRY,OK
2WhJK$bUjD8vwcXLWsmGph,丸型ダクト:00_丸タップ:41895048,丸型ダクト:00_丸タップ,3FL,ROUND,250.0,,,1155.0,1155.0,0.049087385,0.049080005,0.049080005,0.907134879,0.0,True,0.015038,False,IfcArbitraryClosedProfileDef,IfcIndexedPolyCurve,IFC_GEOMETRY,OK
2WhJK$bUjD8vwcXLWsmGpk,丸型ダクト:00_丸タップ:41895053,丸型ダクト:00_丸タップ,3FL,ROUND,250.0,,,1167.574,1167.574,0.049087385,0.049080005,0.049080005,0.917010156,0.0,True,0.015038,False,IfcArbitraryClosedProfileDef,IfcIndexedPolyCurve,IFC_GEOMETRY,OK
2WhJK$bUjD8vwcXLWsmGpo,丸型ダクト:00_丸タップ:41895057,丸型ダクト:00_丸タップ,3FL,ROUND,250.0,,,1142.574,1142.574,0.049087385,0.049080005,0.049080005,0.897375202,0.0,True,0.015038,False,IfcArbitraryClosedProfileDef,IfcIndexedPolyCurve,IFC_GEOMETRY,OK
2WhJK$bUjD8vwcXLWsmGps,丸型ダクト:00_丸タップ:41895061,丸型ダクト:00_丸タップ,2FL,ROUND,250.0,,,1180.0,1180.0,0.049087385,0.049080005,0.049080005,0.926769833,0.0,True,0.015038,False,IfcArbitraryClosedProfileDef,IfcIndexedPolyCurve,IFC_GEOMETRY,OK
2WhJK$bUjD8vwcXLWsmGpq,丸型ダクト:00_丸タップ:41895063,丸型ダクト:00_丸タップ,2FL,ROUND,250.0,,,1180.0,1180.0,0.049087385,0.049080005,0.049080005,0.926769833,0.0,True,0.015038,False,IfcArbitraryClosedProfileDef,IfcIndexedPolyCurve,IFC_GEOMETRY,OK
2WhJK$bUjD8vwcXLWsmGp_,丸型ダクト:00_丸タップ:41895069,丸型ダクト:00_丸タップ,2FL,ROUND,250.0,,,1180.0,1180.0,0.049087385,0.049080005,0.049080005,0.926769833,0.0,True,0.015038,False,IfcArbitraryClosedProfileDef,IfcIndexedPolyCurve,IFC_GEOMETRY,OK
2WhJK$bUjD8vwcXLWsmGpB,丸型ダクト:00_丸タップ:41895080,丸型ダクト:00_丸タップ,2FL,ROUND,250.0,,,155.0,155.0,0.049087385,0.049080005,0.049080005,0.121736715,0.0,True,0.015038,False,IfcArbitraryClosedProfileDef,IfcIndexedPolyCurve,IFC_GEOMETRY,OK
2WhJK$bUjD8vwcXLWsmGpF,丸型ダクト:00_丸タップ:41895084,丸型ダクト:00_丸タップ,2FL,ROUND,150.0,,,4115.355,4115.355,0.017671459,0.017668802,0.017668802,1.939315515,0.0,True,0.015038,False,IfcArbitraryClosedProfileDef,IfcIndexedPolyCurve,IFC_GEOMETRY,OK
2WhJK$bUjD8vwcXLWsmGpH,丸型ダクト:00_丸タップ:41895090,丸型ダクト:00_丸タップ,2FL,ROUND,250.0,,,456.56,456.56,0.049087385,0.049080005,0.049080005,0.358581385,0.0,True,0.015038,False,IfcArbitraryClosedProfileDef,IfcIndexedPolyCurve,IFC_GEOMETRY,OK
2WhJK$bUjD8vwcXLWsmGpR,丸型ダクト:00_丸タップ:41895096,丸型ダクト:00_丸タップ,2FL,ROUND,200.0,,,4374.361,4374.361,0.031415927,0.031411203,0.031411203,2.748491783,0.0,True,0.015038,False,IfcArbitraryClosedProfileDef,IfcIndexedPolyCurve,IFC_GEOMETRY,OK
2WhJK$bUjD8vwcXLWsmGpQ,丸型ダクト:00_丸タップ:41895097,丸型ダクト:00_丸タップ,2FL,ROUND,200.0,,,936.5,936.5,0.031415927,0.031411203,0.031411203,0.588420304,0.0,True,0.015038,False,IfcArbitraryClosedProfileDef,IfcIndexedPolyCurve,IFC_GEOMETRY,OK
2WhJK$bUjD8vwcXLWsmGpP,丸型ダクト:00_丸タップ:41895098,丸型ダクト:00_丸タップ,2FL,ROUND,200.0,,,262.5,262.5,0.031415927,0.031411203,0.031411203,0.164933614,0.0,True,0.015038,False,IfcArbitraryClosedProfileDef,IfcIndexedPolyCurve,IFC_GEOMETRY,OK
2WhJK$bUjD8vwcXLWsmGpT,丸型ダクト:00_丸タップ:41895102,丸型ダクト:00_丸タップ,2FL,ROUND,200.0,,,4374.361,4374.361,0.031415927,0.031411203,0.031411203,2.748491783,0.0,True,0.015038,False,IfcArbitraryClosedProfileDef,IfcIndexedPolyCurve,IFC_GEOMETRY,OK
2WhJK$bUjD8vwcXLWsmGpS,丸型ダクト:00_丸タップ:41895103,丸型ダクト:00_丸タップ,2FL,ROUND,200.0,,,936.5,936.5,0.031415927,0.031411203,0.031411203,0.588420304,0.0,True,0.015038,False,IfcArbitraryClosedProfileDef,IfcIndexedPolyCurve,IFC_GEOMETRY,OK
2WhJK$bUjD8vwcXLWsmGoZ,丸型ダクト:00_丸タップ:41895104,丸型ダクト:00_丸タップ,2FL,ROUND,200.0,,,226.678,226.678,0.031415927,0.031411203,0.031411203,0.142425778,0.0,True,0.015038,False,IfcArbitraryClosedProfileDef,IfcIndexedPolyCurve,IFC_GEOMETRY,OK
2WhJK$bUjD8vwcXLWsmGoc,丸型ダクト:00_丸タップ:41895109,丸型ダクト:00_丸タップ,2FL,ROUND,200.0,,,196.205,196.205,0.031415927,0.031411203,0.031411203,0.123279233,0.0,True,0.015038,False,IfcArbitraryClosedProfileDef,IfcIndexedPolyCurve,IFC_GEOMETRY,OK
2WhJK$bUjD8vwcXLWsmGok,丸型ダクト:00_丸タップ:41895117,丸型ダクト:00_丸タップ,3FL,ROUND,250.0,,,3687.704,3687.704,0.049087385,0.049080005,0.049080005,2.896315882,0.0,True,0.015038,False,IfcArbitraryClosedProfileDef,IfcIndexedPolyCurve,IFC_GEOMETRY,OK
2WhJK$bUjD8vwcXLWsmGoo,丸型ダクト:00_丸タップ:41895121,丸型ダクト:00_丸タップ,3FL,ROUND,250.0,,,80.559,80.559,0.049087385,0.049080005,0.049080005,0.063271192,0.0,True,0.015038,False,IfcArbitraryClosedProfileDef,IfcIndexedPolyCurve,IFC_GEOMETRY,OK
2WhJK$bUjD8vwcXLWsmGom,丸型ダクト:00_丸タップ:41895123,丸型ダクト:00_丸タップ,3FL,ROUND,200.0,,,6465.158,6465.158,0.031415927,0.031411203,0.031411203,4.062178648,0.0,True,0.015038,False,IfcArbitraryClosedProfileDef,IfcIndexedPolyCurve,IFC_GEOMETRY,OK
2WhJK$bUjD8vwcXLWsmGos,丸型ダクト:00_丸タップ:41895125,丸型ダクト:00_丸タップ,3FL,ROUND,150.0,,,75.73,75.73,0.017671459,0.017668802,0.017668802,0.03568698,0.0,True,0.015038,False,IfcArbitraryClosedProfileDef,IfcIndexedPolyCurve,IFC_GEOMETRY,OK
2WhJK$bUjD8vwcXLWsmGoq,丸型ダクト:00_丸タップ:41895127,丸型ダクト:00_丸タップ,3FL,ROUND,200.0,,,640.0,640.0,0.031415927,0.031411203,0.031411203,0.40212386,0.0,True,0.015038,False,IfcArbitraryClosedProfileDef,IfcIndexedPolyCurve,IFC_GEOMETRY,OK
2WhJK$bUjD8vwcXLWsmGox,丸型ダクト:00_丸タップ:41895128,丸型ダクト:00_丸タップ,3FL,ROUND,200.0,,,80.559,80.559,0.031415927,0.031411203,0.031411203,0.050616953,0.0,True,0.015038,False,IfcArbitraryClosedProfileDef,IfcIndexedPolyCurve,IFC_GEOMETRY,OK
2WhJK$bUjD8vwcXLWsmGo$,丸型ダクト:00_丸タップ:41895132,丸型ダクト:00_丸タップ,3FL,ROUND,250.0,,,440.0,440.0,0.049087385,0.049080005,0.049080005,0.345575192,0.0,True,0.015038,False,IfcArbitraryClosedProfileDef,IfcIndexedPolyCurve,IFC_GEOMETRY,OK
2WhJK$bUjD8vwcXLWsmGo0,角型ダクト:00_角ティー:41895139,角型ダクト:00_角ティー,1FL,RECTANGULAR,,10415.488,350.0,200.0,200.0,3.645420838,3.645420838,3.645420838,4.306195244,0.0,True,0.0,True,IfcArbitraryClosedProfileDef,IfcIndexedPolyCurve,IFC_GEOMETRY,OK
2WhJK$bUjD8vwcXLWsmGo7,丸型ダクト:00_丸タップ:41895140,丸型ダクト:00_丸タップ,1FL,ROUND,300.0,,,429.979,429.979,0.070685835,0.070675207,0.070675207,0.405245989,0.0,True,0.015038,False,IfcArbitraryClosedProfileDef,IfcIndexedPolyCurve,IFC_GEOMETRY,OK
2WhJK$bUjD8vwcXLWsmGo5,丸型ダクト:00_丸タップ:41895142,丸型ダクト:00_丸タップ,1FL,ROUND,200.0,,,380.0,380.0,0.031415927,0.031411203,0.031411203,0.238761042,0.0,True,0.015038,False,IfcArbitraryClosedProfileDef,IfcIndexedPolyCurve,IFC_GEOMETRY,OK
2WhJK$bUjD8vwcXLWsmGo4,丸型ダクト:00_丸タップ:41895143,丸型ダクト:00_丸タップ,1FL,ROUND,300.0,,,1410.0,1410.0,0.070685835,0.070675207,0.070675207,1.328893692,0.0,True,0.015038,False,IfcArbitraryClosedProfileDef,IfcIndexedPolyCurve,IFC_GEOMETRY,OK
2WhJK$bUjD8vwcXLWsmGoB,丸型ダクト:00_丸タップ:41895144,丸型ダクト:00_丸タップ,1FL,ROUND,200.0,,,1780.0,1780.0,0.031415927,0.031411203,0.031411203,1.118406985,0.0,True,0.015038,False,IfcArbitraryClosedProfileDef,IfcIndexedPolyCurve,IFC_GEOMETRY,OK
2WhJK$bUjD8vwcXLWsmGoA,丸型ダクト:00_丸タップ:41895145,丸型ダクト:00_丸タップ,1FL,ROUND,250.0,,,1330.0,1330.0,0.049087385,0.049080005,0.049080005,1.044579557,0.0,True,0.015038,False,IfcArbitraryClosedProfileDef,IfcIndexedPolyCurve,IFC_GEOMETRY,OK
2WhJK$bUjD8vwcXLWsmGo9,丸型ダクト:00_丸タップ:41895146,丸型ダクト:00_丸タップ,1FL,ROUND,250.0,,,970.0,970.0,0.049087385,0.049080005,0.049080005,0.761836218,0.0,True,0.015038,False,IfcArbitraryClosedProfileDef,IfcIndexedPolyCurve,IFC_GEOMETRY,OK
2WhJK$bUjD8vwcXLWsmGoF,丸型ダクト:00_丸タップ:41895148,丸型ダクト:00_丸タップ,1FL,ROUND,200.0,,,580.0,580.0,0.031415927,0.031411203,0.031411203,0.364424748,0.0,True,0.015038,False,IfcArbitraryClosedProfileDef,IfcIndexedPolyCurve,IFC_GEOMETRY,OK
2WhJK$bUjD8vwcXLWsmGoE,丸型ダクト:00_丸タップ:41895149,丸型ダクト:00_丸タップ,1FL,ROUND,200.0,,,380.0,380.0,0.031415927,0.031411203,0.031411203,0.238761042,0.0,True,0.015038,False,IfcArbitraryClosedProfileDef,IfcIndexedPolyCurve,IFC_GEOMETRY,OK
2WhJK$bUjD8vwcXLWsmGoH,丸型ダクト:00_丸タップ:41895154,丸型ダクト:00_丸タップ,1FL,ROUND,250.0,,,440.0,440.0,0.049087385,0.049080005,0.049080005,0.345575192,0.0,True,0.015038,False,IfcArbitraryClosedProfileDef,IfcIndexedPolyCurve,IFC_GEOMETRY,OK
2WhJK$bUjD8vwcXLWsmGoN,丸型ダクト:00_丸タップ:41895156,丸型ダクト:00_丸タップ,1FL,ROUND,250.0,,,1080.0,1080.0,0.049087385,0.049080005,0.049080005,0.848230016,0.0,True,0.015038,False,IfcArbitraryClosedProfileDef,IfcIndexedPolyCurve,IFC_GEOMETRY,OK
2WhJK$bUjD8vwcXLWsmGoM,丸型ダクト:00_丸タップ:41895157,丸型ダクト:00_丸タップ,1FL,ROUND,200.0,,,2400.0,2400.0,0.031415927,0.031411203,0.031411203,1.507964474,0.0,True,0.015038,False,IfcArbitraryClosedProfileDef,IfcIndexedPolyCurve,IFC_GEOMETRY,OK
2WhJK$bUjD8vwcXLWsmGoL,丸型ダクト:00_丸タップ:41895158,丸型ダクト:00_丸タップ,1FL,ROUND,200.0,,,626.0,626.0,0.031415927,0.031411203,0.031411203,0.3933274,0.0,True,0.015038,False,IfcArbitraryClosedProfileDef,IfcIndexedPolyCurve,IFC_GEOMETRY,OK
2WhJK$bUjD8vwcXLWsmGoK,丸型ダクト:00_丸タップ:41895159,丸型ダクト:00_丸タップ,1FL,ROUND,200.0,,,626.0,626.0,0.031415927,0.031411203,0.031411203,0.3933274,0.0,True,0.015038,False,IfcArbitraryClosedProfileDef,IfcIndexedPolyCurve,IFC_GEOMETRY,OK
2WhJK$bUjD8vwcXLWsmGoV,丸型ダクト:00_丸タップ:41895164,丸型ダクト:00_丸タップ,1FL,ROUND,250.0,,,800.0,800.0,0.049087385,0.049080005,0.049080005,0.628318531,0.0,True,0.015038,False,IfcArbitraryClosedProfileDef,IfcIndexedPolyCurve,IFC_GEOMETRY,OK
2WhJK$bUjD8vwcXLWsmGrd,丸型ダクト:00_丸タップ:41895172,丸型ダクト:00_丸タップ,1FL,ROUND,200.0,,,280.0,280.0,0.031415927,0.031411203,0.031411203,0.175929189,0.0,True,0.015038,False,IfcArbitraryClosedProfileDef,IfcIndexedPolyCurve,IFC_GEOMETRY,OK
2WhJK$bUjD8vwcXLWsmGrb,丸型ダクト:00_丸タップ:41895174,丸型ダクト:00_丸タップ,1FL,ROUND,200.0,,,280.0,280.0,0.031415927,0.031411203,0.031411203,0.175929189,0.0,True,0.015038,False,IfcArbitraryClosedProfileDef,IfcIndexedPolyCurve,IFC_GEOMETRY,OK
2WhJK$bUjD8vwcXLWsmGrf,丸型ダクト:00_丸タップ:41895178,丸型ダクト:00_丸タップ,1FL,ROUND,200.0,,,2650.0,2650.0,0.031415927,0.031411203,0.031411203,1.665044106,0.0,True,0.015038,False,IfcArbitraryClosedProfileDef,IfcIndexedPolyCurve,IFC_GEOMETRY,OK
2WhJK$bUjD8vwcXLWsmGrj,丸型ダクト:00_丸タップ:41895182,丸型ダクト:00_丸タップ,1FL,ROUND,250.0,,,1707.096,1707.096,0.049087385,0.049080005,0.049080005,1.340750294,0.0,True,0.015038,False,IfcArbitraryClosedProfileDef,IfcIndexedPolyCurve,IFC_GEOMETRY,OK
2WhJK$bUjD8vwcXLWsmGri,丸型ダクト:00_丸タップ:41895183,丸型ダクト:00_丸タップ,1FL,ROUND,200.0,,,400.0,400.0,0.031415927,0.031411203,0.031411203,0.251327412,0.0,True,0.015038,False,IfcArbitraryClosedProfileDef,IfcIndexedPolyCurve,IFC_GEOMETRY,OK
2WhJK$bUjD8vwcXLWsmGrp,丸型ダクト:00_丸タップ:41895184,丸型ダクト:00_丸タップ,1FL,ROUND,200.0,,,845.0,845.0,0.031415927,0.031411203,0.031411203,0.530929158,0.0,True,0.015038,False,IfcArbitraryClosedProfileDef,IfcIndexedPolyCurve,IFC_GEOMETRY,OK
2WhJK$bUjD8vwcXLWsmGro,丸型ダクト:00_丸タップ:41895185,丸型ダクト:00_丸タップ,1FL,ROUND,200.0,,,2400.0,2400.0,0.031415927,0.031411203,0.031411203,1.507964474,0.0,True,0.015038,False,IfcArbitraryClosedProfileDef,IfcIndexedPolyCurve,IFC_GEOMETRY,OK
2WhJK$bUjD8vwcXLWsmGrn,丸型ダクト:00_丸タップ:41895186,丸型ダクト:00_丸タップ,1FL,ROUND,200.0,,,845.0,845.0,0.031415927,0.031411203,0.031411203,0.530929158,0.0,True,0.015038,False,IfcArbitraryClosedProfileDef,IfcIndexedPolyCurve,IFC_GEOMETRY,OK
2WhJK$bUjD8vwcXLWsmGrs,丸型ダクト:00_丸タップ:41895189,丸型ダクト:00_丸タップ,1FL,ROUND,250.0,,,3708.715,3708.715,0.049087385,0.049080005,0.049080005,2.912818341,0.0,True,0.015038,False,IfcArbitraryClosedProfileDef,IfcIndexedPolyCurve,IFC_GEOMETRY,OK
2WhJK$bUjD8vwcXLWsmGr_,丸型ダクト:00_丸タップ:41895197,丸型ダクト:00_丸タップ,1FL,ROUND,200.0,,,1012.37,1012.37,0.031415927,0.031411203,0.031411203,0.636090575,0.0,True,0.015038,False,IfcArbitraryClosedProfileDef,IfcIndexedPolyCurve,IFC_GEOMETRY,OK
2WhJK$bUjD8vwcXLWsmGrz,丸型ダクト:00_丸タップ:41895198,丸型ダクト:00_丸タップ,1FL,ROUND,150.0,,,790.0,790.0,0.017671459,0.017668802,0.017668802,0.372278729,0.0,True,0.015038,False,IfcArbitraryClosedProfileDef,IfcIndexedPolyCurve,IFC_GEOMETRY,OK
2WhJK$bUjD8vwcXLWsmGr3,角型ダクト:00_角タップ:41895200,角型ダクト:00_角タップ,1FL,RECTANGULAR,,955.0,350.0,200.0,200.0,0.33425,0.33425,0.33425,0.522,0.0,True,0.0,True,IfcArbitraryClosedProfileDef,IfcIndexedPolyCurve,IFC_GEOMETRY,OK
2WhJK$bUjD8vwcXLWsmGr5,丸型ダクト:00_丸タップ:41895206,丸型ダクト:00_丸タップ,1FL,ROUND,250.0,,,4299.657,4299.657,0.049087385,0.049080005,0.049080005,3.376942325,0.0,True,0.015038,False,IfcArbitraryClosedProfileDef,IfcIndexedPolyCurve,IFC_GEOMETRY,OK
2WhJK$bUjD8vwcXLWsmGrB,丸型ダクト:00_丸タップ:41895208,丸型ダクト:00_丸タップ,1FL,ROUND,250.0,,,440.0,440.0,0.049087385,0.049080005,0.049080005,0.345575192,0.0,True,0.015038,False,IfcArbitraryClosedProfileDef,IfcIndexedPolyCurve,IFC_GEOMETRY,OK
2WhJK$bUjD8vwcXLWsmGrF,丸型ダクト:00_丸タップ:41895212,丸型ダクト:00_丸タップ,1FL,ROUND,200.0,,,1929.7,1929.7,0.031415927,0.031411203,0.031411203,1.212466269,0.0,True,0.015038,False,IfcArbitraryClosedProfileDef,IfcIndexedPolyCurve,IFC_GEOMETRY,OK
2WhJK$bUjD8vwcXLWsmGrD,角型ダクト:00_角ティー:41895214,角型ダクト:00_角ティー,1FL,RECTANGULAR,,3130.169,350.0,200.0,200.0,1.095559155,1.095559155,1.095559155,1.392067605,0.0,True,0.0,True,IfcArbitraryClosedProfileDef,IfcIndexedPolyCurve,IFC_GEOMETRY,OK
2WhJK$bUjD8vwcXLWsmGrJ,丸型ダクト:00_丸タップ:41895216,丸型ダクト:00_丸タップ,1FL,ROUND,200.0,,,1929.957,1929.957,0.031415927,0.031411203,0.031411203,1.212627437,0.0,True,0.015038,False,IfcArbitraryClosedProfileDef,IfcIndexedPolyCurve,IFC_GEOMETRY,OK
2WhJK$bUjD8vwcXLWsmGrH,丸型ダクト:00_丸タップ:41895218,丸型ダクト:00_丸タップ,1FL,ROUND,250.0,,,600.0,600.0,0.049087385,0.049080005,0.049080005,0.471238898,0.0,True,0.015038,False,IfcArbitraryClosedProfileDef,IfcIndexedPolyCurve,IFC_GEOMETRY,OK
2WhJK$bUjD8vwcXLWsmGrM,角型ダクト:00_角タップ:41895221,角型ダクト:00_角タップ,1FL,RECTANGULAR,,846.163,550.0,250.0,250.0,0.465389649,0.465389649,0.465389649,0.698081499,0.0,True,0.0,True,IfcArbitraryClosedProfileDef,IfcIndexedPolyCurve,IFC_GEOMETRY,OK
2WhJK$bUjD8vwcXLWsmGrL,角型ダクト:00_角タップ:41895222,角型ダクト:00_角タップ,1FL,RECTANGULAR,,7220.0,400.0,250.0,250.0,2.888,2.888,2.888,3.81,0.0,True,0.0,True,IfcArbitraryClosedProfileDef,IfcIndexedPolyCurve,IFC_GEOMETRY,OK
2WhJK$bUjD8vwcXLWsmGrT,丸型ダクト:00_丸タップ:41895230,丸型ダクト:00_丸タップ,1FL,ROUND,200.0,,,380.0,380.0,0.031415927,0.031411203,0.031411203,0.238761042,0.0,True,0.015038,False,IfcArbitraryClosedProfileDef,IfcIndexedPolyCurve,IFC_GEOMETRY,OK
2WhJK$bUjD8vwcXLWsmGrS,丸型ダクト:00_丸タップ:41895231,丸型ダクト:00_丸タップ,1FL,ROUND,200.0,,,1780.0,1780.0,0.031415927,0.031411203,0.031411203,1.118406985,0.0,True,0.015038,False,IfcArbitraryClosedProfileDef,IfcIndexedPolyCurve,IFC_GEOMETRY,OK
2WhJK$bUjD8vwcXLWsmGqY,丸型ダクト:00_丸タップ:41895233,丸型ダクト:00_丸タップ,1FL,ROUND,200.0,,,580.0,580.0,0.031415927,0.031411203,0.031411203,0.364424748,0.0,True,0.015038,False,IfcArbitraryClosedProfileDef,IfcIndexedPolyCurve,IFC_GEOMETRY,OK
2WhJK$bUjD8vwcXLWsmGqX,丸型ダクト:00_丸タップ:41895234,丸型ダクト:00_丸タップ,1FL,ROUND,200.0,,,380.0,380.0,0.031415927,0.031411203,0.031411203,0.238761042,0.0,True,0.015038,False,IfcArbitraryClosedProfileDef,IfcIndexedPolyCurve,IFC_GEOMETRY,OK
2WhJK$bUjD8vwcXLWsmGqb,丸型ダクト:00_丸タップ:41895238,丸型ダクト:00_丸タップ,1FL,ROUND,200.0,,,2360.0,2360.0,0.031415927,0.031411203,0.031411203,1.482831732,0.0,True,0.015038,False,IfcArbitraryClosedProfileDef,IfcIndexedPolyCurve,IFC_GEOMETRY,OK
2WhJK$bUjD8vwcXLWsmGqa,丸型ダクト:00_丸タップ:41895239,丸型ダクト:00_丸タップ,1FL,ROUND,200.0,,,379.606,379.606,0.031415927,0.031411203,0.031411203,0.238513206,0.0,True,0.015038,False,IfcArbitraryClosedProfileDef,IfcIndexedPolyCurve,IFC_GEOMETRY,OK
2WhJK$bUjD8vwcXLWsmGqg,丸型ダクト:00_丸タップ:41895241,丸型ダクト:00_丸タップ,1FL,ROUND,250.0,,,1430.394,1430.394,0.049087385,0.049080005,0.049080005,1.123429168,0.0,True,0.015038,False,IfcArbitraryClosedProfileDef,IfcIndexedPolyCurve,IFC_GEOMETRY,OK
2WhJK$bUjD8vwcXLWsmGql,丸型ダクト:00_丸タップ:41895244,丸型ダクト:00_丸タップ,1FL,ROUND,200.0,,,379.606,379.606,0.031415927,0.031411203,0.031411203,0.238513206,0.0,True,0.015038,False,IfcArbitraryClosedProfileDef,IfcIndexedPolyCurve,IFC_GEOMETRY,OK
2WhJK$bUjD8vwcXLWsmGqj,丸型ダクト:00_丸タップ:41895246,丸型ダクト:00_丸タップ,1FL,ROUND,250.0,,,1410.0,1410.0,0.049087385,0.049080005,0.049080005,1.10741141,0.0,True,0.015038,False,IfcArbitraryClosedProfileDef,IfcIndexedPolyCurve,IFC_GEOMETRY,OK
2WhJK$bUjD8vwcXLWsmGqn,丸型ダクト:00_丸タップ:41895250,丸型ダクト:00_丸タップ,1FL,ROUND,250.0,,,1985.0,1985.0,0.049087385,0.049080005,0.049080005,1.559015354,0.0,True,0.015038,False,IfcArbitraryClosedProfileDef,IfcIndexedPolyCurve,IFC_GEOMETRY,OK
2WhJK$bUjD8vwcXLWsmGqt,丸型ダクト:00_丸タップ:41895252,丸型ダクト:00_丸タップ,1FL,ROUND,200.0,,,380.0,380.0,0.031415927,0.031411203,0.031411203,0.238761042,0.0,True,0.015038,False,IfcArbitraryClosedProfileDef,IfcIndexedPolyCurve,IFC_GEOMETRY,OK
2WhJK$bUjD8vwcXLWsmGqs,丸型ダクト:00_丸タップ:41895253,丸型ダクト:00_丸タップ,1FL,ROUND,300.0,,,2285.0,2285.0,0.070685835,0.070675207,0.070675207,2.153561764,0.0,True,0.015038,False,IfcArbitraryClosedProfileDef,IfcIndexedPolyCurve,IFC_GEOMETRY,OK
2WhJK$bUjD8vwcXLWsmGqr,丸型ダクト:00_丸タップ:41895254,丸型ダクト:00_丸タップ,1FL,ROUND,200.0,,,1780.0,1780.0,0.031415927,0.031411203,0.031411203,1.118406985,0.0,True,0.015038,False,IfcArbitraryClosedProfileDef,IfcIndexedPolyCurve,IFC_GEOMETRY,OK
2WhJK$bUjD8vwcXLWsmGqq,丸型ダクト:00_丸タップ:41895255,丸型ダクト:00_丸タップ,1FL,ROUND,250.0,,,1310.0,1310.0,0.049087385,0.049080005,0.049080005,1.028871594,0.0,True,0.015038,False,IfcArbitraryClosedProfileDef,IfcIndexedPolyCurve,IFC_GEOMETRY,OK
2WhJK$bUjD8vwcXLWsmGqx,丸型ダクト:00_丸タップ:41895256,丸型ダクト:00_丸タップ,1FL,ROUND,250.0,,,1150.0,1150.0,0.049087385,0.049080005,0.049080005,0.903207888,0.0,True,0.015038,False,IfcArbitraryClosedProfileDef,IfcIndexedPolyCurve,IFC_GEOMETRY,OK
2WhJK$bUjD8vwcXLWsmGqv,丸型ダクト:00_丸タップ:41895258,丸型ダクト:00_丸タップ,1FL,ROUND,200.0,,,580.0,580.0,0.031415927,0.031411203,0.031411203,0.364424748,0.0,True,0.015038,False,IfcArbitraryClosedProfileDef,IfcIndexedPolyCurve,IFC_GEOMETRY,OK
2WhJK$bUjD8vwcXLWsmGqu,丸型ダクト:00_丸タップ:41895259,丸型ダクト:00_丸タップ,1FL,ROUND,200.0,,,380.0,380.0,0.031415927,0.031411203,0.031411203,0.238761042,0.0,True,0.015038,False,IfcArbitraryClosedProfileDef,IfcIndexedPolyCurve,IFC_GEOMETRY,OK
2WhJK$bUjD8vwcXLWsmGqz,丸型ダクト:00_丸タップ:41895262,丸型ダクト:00_丸タップ,1FL,ROUND,250.0,,,675.0,675.0,0.049087385,0.049080005,0.049080005,0.53014376,0.0,True,0.015038,False,IfcArbitraryClosedProfileDef,IfcIndexedPolyCurve,IFC_GEOMETRY,OK
2WhJK$bUjD8vwcXLWsmGqy,丸型ダクト:00_丸タップ:41895263,丸型ダクト:00_丸タップ,1FL,ROUND,200.0,,,2400.0,2400.0,0.031415927,0.031411203,0.031411203,1.507964474,0.0,True,0.015038,False,IfcArbitraryClosedProfileDef,IfcIndexedPolyCurve,IFC_GEOMETRY,OK
2WhJK$bUjD8vwcXLWsmGq3,丸型ダクト:00_丸タップ:41895264,丸型ダクト:00_丸タップ,1FL,ROUND,200.0,,,626.0,626.0,0.031415927,0.031411203,0.031411203,0.3933274,0.0,True,0.015038,False,IfcArbitraryClosedProfileDef,IfcIndexedPolyCurve,IFC_GEOMETRY,OK
2WhJK$bUjD8vwcXLWsmGq2,丸型ダクト:00_丸タップ:41895265,丸型ダクト:00_丸タップ,1FL,ROUND,200.0,,,626.0,626.0,0.031415927,0.031411203,0.031411203,0.3933274,0.0,True,0.015038,False,IfcArbitraryClosedProfileDef,IfcIndexedPolyCurve,IFC_GEOMETRY,OK
2WhJK$bUjD8vwcXLWsmGq6,角型ダクト:00_角タップ:41895269,角型ダクト:00_角タップ,1FL,RECTANGULAR,,7220.0,400.0,250.0,250.0,2.888,2.888,2.888,3.81,0.0,True,0.0,True,IfcArbitraryClosedProfileDef,IfcIndexedPolyCurve,IFC_GEOMETRY,OK
2WhJK$bUjD8vwcXLWsmGq8,丸型ダクト:00_丸タップ:41895275,丸型ダクト:00_丸タップ,1FL,ROUND,200.0,,,380.0,380.0,0.031415927,0.031411203,0.031411203,0.238761042,0.0,True,0.015038,False,IfcArbitraryClosedProfileDef,IfcIndexedPolyCurve,IFC_GEOMETRY,OK
2WhJK$bUjD8vwcXLWsmGqF,丸型ダクト:00_丸タップ:41895276,丸型ダクト:00_丸タップ,1FL,ROUND,200.0,,,1780.0,1780.0,0.031415927,0.031411203,0.031411203,1.118406985,0.0,True,0.015038,False,IfcArbitraryClosedProfileDef,IfcIndexedPolyCurve,IFC_GEOMETRY,OK
2WhJK$bUjD8vwcXLWsmGqD,丸型ダクト:00_丸タップ:41895278,丸型ダクト:00_丸タップ,1FL,ROUND,200.0,,,580.0,580.0,0.031415927,0.031411203,0.031411203,0.364424748,0.0,True,0.015038,False,IfcArbitraryClosedProfileDef,IfcIndexedPolyCurve,IFC_GEOMETRY,OK
2WhJK$bUjD8vwcXLWsmGqC,丸型ダクト:00_丸タップ:41895279,丸型ダクト:00_丸タップ,1FL,ROUND,200.0,,,380.0,380.0,0.031415927,0.031411203,0.031411203,0.238761042,0.0,True,0.015038,False,IfcArbitraryClosedProfileDef,IfcIndexedPolyCurve,IFC_GEOMETRY,OK
2WhJK$bUjD8vwcXLWsmGqH,丸型ダクト:00_丸タップ:41895282,丸型ダクト:00_丸タップ,1FL,ROUND,200.0,,,379.606,379.606,0.031415927,0.031411203,0.031411203,0.238513206,0.0,True,0.015038,False,IfcArbitraryClosedProfileDef,IfcIndexedPolyCurve,IFC_GEOMETRY,OK
2WhJK$bUjD8vwcXLWsmGqG,丸型ダクト:00_丸タップ:41895283,丸型ダクト:00_丸タップ,1FL,ROUND,200.0,,,1780.0,1780.0,0.031415927,0.031411203,0.031411203,1.118406985,0.0,True,0.015038,False,IfcArbitraryClosedProfileDef,IfcIndexedPolyCurve,IFC_GEOMETRY,OK
2WhJK$bUjD8vwcXLWsmGqN,丸型ダクト:00_丸タップ:41895284,丸型ダクト:00_丸タップ,1FL,ROUND,250.0,,,1430.394,1430.394,0.049087385,0.049080005,0.049080005,1.123429168,0.0,True,0.015038,False,IfcArbitraryClosedProfileDef,IfcIndexedPolyCurve,IFC_GEOMETRY,OK
2WhJK$bUjD8vwcXLWsmGqL,丸型ダクト:00_丸タップ:41895286,丸型ダクト:00_丸タップ,1FL,ROUND,200.0,,,580.0,580.0,0.031415927,0.031411203,0.031411203,0.364424748,0.0,True,0.015038,False,IfcArbitraryClosedProfileDef,IfcIndexedPolyCurve,IFC_GEOMETRY,OK
2WhJK$bUjD8vwcXLWsmGqK,丸型ダクト:00_丸タップ:41895287,丸型ダクト:00_丸タップ,1FL,ROUND,200.0,,,379.606,379.606,0.031415927,0.031411203,0.031411203,0.238513206,0.0,True,0.015038,False,IfcArbitraryClosedProfileDef,IfcIndexedPolyCurve,IFC_GEOMETRY,OK
2WhJK$bUjD8vwcXLWsmGqQ,丸型ダクト:00_丸タップ:41895289,丸型ダクト:00_丸タップ,1FL,ROUND,250.0,,,2285.0,2285.0,0.049087385,0.049080005,0.049080005,1.794634803,0.0,True,0.015038,False,IfcArbitraryClosedProfileDef,IfcIndexedPolyCurve,IFC_GEOMETRY,OK
2WhJK$bUjD8vwcXLWsmGqP,丸型ダクト:00_丸タップ:41895290,丸型ダクト:00_丸タップ,1FL,ROUND,250.0,,,2050.0,2050.0,0.049087385,0.049080005,0.049080005,1.610066235,0.0,True,0.015038,False,IfcArbitraryClosedProfileDef,IfcIndexedPolyCurve,IFC_GEOMETRY,OK
2WhJK$bUjD8vwcXLWsmGqU,丸型ダクト:00_丸タップ:41895293,丸型ダクト:00_丸タップ,1FL,ROUND,250.0,,,600.0,600.0,0.049087385,0.049080005,0.049080005,0.471238898,0.0,True,0.015038,False,IfcArbitraryClosedProfileDef,IfcIndexedPolyCurve,IFC_GEOMETRY,OK
2WhJK$bUjD8vwcXLWsmGth,丸型ダクト:00_丸タップ:41895304,丸型ダクト:00_丸タップ,1FL,ROUND,250.0,,,456.633,456.633,0.049087385,0.049080005,0.049080005,0.358638906,0.0,True,0.015038,False,IfcArbitraryClosedProfileDef,IfcIndexedPolyCurve,IFC_GEOMETRY,OK
2WhJK$bUjD8vwcXLWsmGtg,丸型ダクト:00_丸タップ:41895305,丸型ダクト:00_丸タップ,1FL,ROUND,200.0,,,3541.248,3541.248,0.031415927,0.031411203,0.031411203,2.225031951,0.0,True,0.015038,False,IfcArbitraryClosedProfileDef,IfcIndexedPolyCurve,IFC_GEOMETRY,OK
2WhJK$bUjD8vwcXLWsmGtp,丸型ダクト:00_丸タップ:41895312,丸型ダクト:00_丸タップ,1FL,ROUND,200.0,,,792.09,792.09,0.031415927,0.031411203,0.031411203,0.497684897,0.0,True,0.015038,False,IfcArbitraryClosedProfileDef,IfcIndexedPolyCurve,IFC_GEOMETRY,OK
2WhJK$bUjD8vwcXLWsmGtv,丸型ダクト:00_丸タップ:41895322,丸型ダクト:00_丸タップ,1FL,ROUND,150.0,,,436.5,436.5,0.017671459,0.017668802,0.017668802,0.205695779,0.0,True,0.015038,False,IfcArbitraryClosedProfileDef,IfcIndexedPolyCurve,IFC_GEOMETRY,OK
2WhJK$bUjD8vwcXLWsmGtu,丸型ダクト:00_丸タップ:41895323,丸型ダクト:00_丸タップ,1FL,ROUND,150.0,,,2852.375,2852.375,0.017671459,0.017668802,0.017668802,1.344149951,0.0,True,0.015038,False,IfcArbitraryClosedProfileDef,IfcIndexedPolyCurve,IFC_GEOMETRY,OK
2WhJK$bUjD8vwcXLWsmGt$,丸型ダクト:00_丸タップ:41895324,丸型ダクト:00_丸タップ,1FL,ROUND,150.0,,,2852.375,2852.375,0.017671459,0.017668802,0.017668802,1.344149951,0.0,True,0.015038,False,IfcArbitraryClosedProfileDef,IfcIndexedPolyCurve,IFC_GEOMETRY,OK
2WhJK$bUjD8vwcXLWsmGt_,丸型ダクト:00_丸タップ:41895325,丸型ダクト:00_丸タップ,1FL,ROUND,150.0,,,2852.375,2852.375,0.017671459,0.017668802,0.017668802,1.344149951,0.0,True,0.015038,False,IfcArbitraryClosedProfileDef,IfcIndexedPolyCurve,IFC_GEOMETRY,OK
2WhJK$bUjD8vwcXLWsmGt3,丸型ダクト:00_丸タップ:41895328,丸型ダクト:00_丸タップ,1FL,ROUND,250.0,,,3325.062,3325.062,0.049087385,0.049080005,0.049080005,2.611497684,0.0,True,0.015038,False,IfcArbitraryClosedProfileDef,IfcIndexedPolyCurve,IFC_GEOMETRY,OK
2WhJK$bUjD8vwcXLWsmGt1,丸型ダクト:00_丸タップ:41895330,丸型ダクト:00_丸タップ,1FL,ROUND,150.0,,,745.0,745.0,0.017671459,0.017668802,0.017668802,0.351072979,0.0,True,0.015038,False,IfcArbitraryClosedProfileDef,IfcIndexedPolyCurve,IFC_GEOMETRY,OK
2WhJK$bUjD8vwcXLWsmGt4,丸型ダクト:00_丸タップ:41895335,丸型ダクト:00_丸タップ,1FL,ROUND,150.0,,,540.0,540.0,0.017671459,0.017668802,0.017668802,0.254469005,0.0,True,0.015038,False,IfcArbitraryClosedProfileDef,IfcIndexedPolyCurve,IFC_GEOMETRY,OK
2WhJK$bUjD8vwcXLWsmGtB,丸型ダクト:00_丸タップ:41895336,丸型ダクト:00_丸タップ,1FL,ROUND,150.0,,,1867.382,1867.382,0.017671459,0.017668802,0.017668802,0.879983116,0.0,True,0.015038,False,IfcArbitraryClosedProfileDef,IfcIndexedPolyCurve,IFC_GEOMETRY,OK
2WhJK$bUjD8vwcXLWsmGtA,丸型ダクト:00_丸タップ:41895337,丸型ダクト:00_丸タップ,1FL,ROUND,150.0,,,405.0,405.0,0.017671459,0.017668802,0.017668802,0.190851754,0.0,True,0.015038,False,IfcArbitraryClosedProfileDef,IfcIndexedPolyCurve,IFC_GEOMETRY,OK
2WhJK$bUjD8vwcXLWsmGt8,丸型ダクト:00_丸タップ:41895339,丸型ダクト:00_丸タップ,1FL,ROUND,150.0,,,762.5,762.5,0.017671459,0.017668802,0.017668802,0.35931966,0.0,True,0.015038,False,IfcArbitraryClosedProfileDef,IfcIndexedPolyCurve,IFC_GEOMETRY,OK
2WhJK$bUjD8vwcXLWsmGtE,丸型ダクト:00_丸タップ:41895341,丸型ダクト:00_丸タップ,1FL,ROUND,150.0,,,559.68,559.68,0.017671459,0.017668802,0.017668802,0.263742783,0.0,True,0.015038,False,IfcArbitraryClosedProfileDef,IfcIndexedPolyCurve,IFC_GEOMETRY,OK
2WhJK$bUjD8vwcXLWsmGtC,丸型ダクト:00_丸タップ:41895343,丸型ダクト:00_丸タップ,1FL,ROUND,150.0,,,1898.478,1898.478,0.017671459,0.017668802,0.017668802,0.894636548,0.0,True,0.015038,False,IfcArbitraryClosedProfileDef,IfcIndexedPolyCurve,IFC_GEOMETRY,OK
2WhJK$bUjD8vwcXLWsmGtJ,丸型ダクト:00_丸タップ:41895344,丸型ダクト:00_丸タップ,1FL,ROUND,250.0,,,1800.0,1800.0,0.049087385,0.049080005,0.049080005,1.413716694,0.0,True,0.015038,False,IfcArbitraryClosedProfileDef,IfcIndexedPolyCurve,IFC_GEOMETRY,OK
2WhJK$bUjD8vwcXLWsmGtI,丸型ダクト:00_丸タップ:41895345,丸型ダクト:00_丸タップ,1FL,ROUND,250.0,,,1238.812,1238.812,0.049087385,0.049080005,0.049080005,0.972960627,0.0,True,0.015038,False,IfcArbitraryClosedProfileDef,IfcIndexedPolyCurve,IFC_GEOMETRY,OK
2WhJK$bUjD8vwcXLWsmGtG,丸型ダクト:00_丸タップ:41895347,丸型ダクト:00_丸タップ,1FL,ROUND,250.0,,,2605.0,2605.0,0.049087385,0.049080005,0.049080005,2.045962216,0.0,True,0.015038,False,IfcArbitraryClosedProfileDef,IfcIndexedPolyCurve,IFC_GEOMETRY,OK
2WhJK$bUjD8vwcXLWsmGtK,丸型ダクト:00_丸タップ:41895351,丸型ダクト:00_丸タップ,1FL,ROUND,150.0,,,1942.382,1942.382,0.017671459,0.017668802,0.017668802,0.915326034,0.0,True,0.015038,False,IfcArbitraryClosedProfileDef,IfcIndexedPolyCurve,IFC_GEOMETRY,OK
2WhJK$bUjD8vwcXLWsmGtR,丸型ダクト:00_丸タップ:41895352,丸型ダクト:00_丸タップ,1FL,ROUND,150.0,,,634.68,634.68,0.017671459,0.017668802,0.017668802,0.299085701,0.0,True,0.015038,False,IfcArbitraryClosedProfileDef,IfcIndexedPolyCurve,IFC_GEOMETRY,OK
2WhJK$bUjD8vwcXLWsmGtV,丸型ダクト:00_丸タップ:41895356,丸型ダクト:00_丸タップ,1FL,ROUND,100.0,,,1044.511,1044.511,0.007853982,0.007852801,0.007852801,0.32814291,0.0,True,0.015038,False,IfcArbitraryClosedProfileDef,IfcIndexedPolyCurve,IFC_GEOMETRY,OK
2WhJK$bUjD8vwcXLWsmGtU,丸型ダクト:00_丸タップ:41895357,丸型ダクト:00_丸タップ,1FL,ROUND,200.0,,,166.259,166.259,0.031415927,0.031411203,0.031411203,0.104463413,0.0,True,0.015038,False,IfcArbitraryClosedProfileDef,IfcIndexedPolyCurve,IFC_GEOMETRY,OK
2WhJK$bUjD8vwcXLWsmGtT,丸型ダクト:00_丸タップ:41895358,丸型ダクト:00_丸タップ,1FL,ROUND,200.0,,,352.956,352.956,0.031415927,0.031411203,0.031411203,0.22176909,0.0,True,0.015038,False,IfcArbitraryClosedProfileDef,IfcIndexedPolyCurve,IFC_GEOMETRY,OK
2WhJK$bUjD8vwcXLWsmGsX,丸型ダクト:00_丸タップ:41895362,丸型ダクト:00_丸タップ,1FL,ROUND,250.0,,,168.696,168.696,0.049087385,0.049080005,0.049080005,0.132493763,0.0,True,0.015038,False,IfcArbitraryClosedProfileDef,IfcIndexedPolyCurve,IFC_GEOMETRY,OK
2WhJK$bUjD8vwcXLWsmGsW,丸型ダクト:00_丸タップ:41895363,丸型ダクト:00_丸タップ,1FL,ROUND,150.0,,,50.178,50.178,0.017671459,0.017668802,0.017668802,0.02364567,0.0,True,0.015038,False,IfcArbitraryClosedProfileDef,IfcIndexedPolyCurve,IFC_GEOMETRY,OK
2WhJK$bUjD8vwcXLWsmGsd,丸型ダクト:00_丸タップ:41895364,丸型ダクト:00_丸タップ,1FL,ROUND,150.0,,,169.822,169.822,0.017671459,0.017668802,0.017668802,0.080026888,0.0,True,0.015038,False,IfcArbitraryClosedProfileDef,IfcIndexedPolyCurve,IFC_GEOMETRY,OK
2WhJK$bUjD8vwcXLWsmGsc,丸型ダクト:00_丸タップ:41895365,丸型ダクト:00_丸タップ,1FL,ROUND,250.0,,,808.334,808.334,0.049087385,0.049080005,0.049080005,0.634863766,0.0,True,0.015038,False,IfcArbitraryClosedProfileDef,IfcIndexedPolyCurve,IFC_GEOMETRY,OK
2WhJK$bUjD8vwcXLWsmGsb,丸型ダクト:00_丸タップ:41895366,丸型ダクト:00_丸タップ,1FL,ROUND,250.0,,,1225.0,1225.0,0.049087385,0.049080005,0.049080005,0.96211275,0.0,True,0.015038,False,IfcArbitraryClosedProfileDef,IfcIndexedPolyCurve,IFC_GEOMETRY,OK
2WhJK$bUjD8vwcXLWsmGsa,丸型ダクト:00_丸タップ:41895367,丸型ダクト:00_丸タップ,1FL,ROUND,250.0,,,995.279,995.279,0.049087385,0.049080005,0.049080005,0.781690272,0.0,True,0.015038,False,IfcArbitraryClosedProfileDef,IfcIndexedPolyCurve,IFC_GEOMETRY,OK
2WhJK$bUjD8vwcXLWsmGsg,丸型ダクト:00_丸タップ:41895369,丸型ダクト:00_丸タップ,1FL,ROUND,250.0,,,1054.653,1054.653,0.049087385,0.049080005,0.049080005,0.828322695,0.0,True,0.015038,False,IfcArbitraryClosedProfileDef,IfcIndexedPolyCurve,IFC_GEOMETRY,OK
2WhJK$bUjD8vwcXLWsmGsf,丸型ダクト:00_丸タップ:41895370,丸型ダクト:00_丸タップ,1FL,ROUND,250.0,,,948.921,948.921,0.049087385,0.049080005,0.049080005,0.745280934,0.0,True,0.015038,False,IfcArbitraryClosedProfileDef,IfcIndexedPolyCurve,IFC_GEOMETRY,OK
2WhJK$bUjD8vwcXLWsmGsk,丸型ダクト:00_丸タップ:41895373,丸型ダクト:00_丸タップ,1FL,ROUND,250.0,,,283.331,283.331,0.049087385,0.049080005,0.049080005,0.222528016,0.0,True,0.015038,False,IfcArbitraryClosedProfileDef,IfcIndexedPolyCurve,IFC_GEOMETRY,OK
2WhJK$bUjD8vwcXLWsmGsn,丸型ダクト:00_丸タップ:41895378,丸型ダクト:00_丸タップ,1FL,ROUND,250.0,,,1118.219,1118.219,0.049087385,0.049080005,0.049080005,0.878247022,0.0,True,0.015038,False,IfcArbitraryClosedProfileDef,IfcIndexedPolyCurve,IFC_GEOMETRY,OK
2WhJK$bUjD8vwcXLWsmGsm,丸型ダクト:00_丸タップ:41895379,丸型ダクト:00_丸タップ,1FL,ROUND,250.0,,,2679.855,2679.855,0.049087385,0.049080005,0.049080005,2.104753467,0.0,True,0.015038,False,IfcArbitraryClosedProfileDef,IfcIndexedPolyCurve,IFC_GEOMETRY,OK
2WhJK$bUjD8vwcXLWsmGsu,丸型ダクト:00_丸タップ:41895387,丸型ダクト:00_丸タップ,1FL,ROUND,200.0,,,2034.0,2034.0,0.031415927,0.031411203,0.031411203,1.277999891,0.0,True,0.015038,False,IfcArbitraryClosedProfileDef,IfcIndexedPolyCurve,IFC_GEOMETRY,OK
2WhJK$bUjD8vwcXLWsmGsz,丸型ダクト:00_丸タップ:41895390,丸型ダクト:00_丸タップ,1FL,ROUND,200.0,,,1300.0,1300.0,0.031415927,0.031411203,0.031411203,0.81681409,0.0,True,0.015038,False,IfcArbitraryClosedProfileDef,IfcIndexedPolyCurve,IFC_GEOMETRY,OK
2WhJK$bUjD8vwcXLWsmGs3,丸型ダクト:00_丸タップ:41895392,丸型ダクト:00_丸タップ,1FL,ROUND,200.0,,,644.078,644.078,0.031415927,0.031411203,0.031411203,0.404686272,0.0,True,0.015038,False,IfcArbitraryClosedProfileDef,IfcIndexedPolyCurve,IFC_GEOMETRY,OK
2WhJK$bUjD8vwcXLWsmGs2,丸型ダクト:00_丸タップ:41895393,丸型ダクト:00_丸タップ,1FL,ROUND,200.0,,,3331.924,3331.924,0.031415927,0.031411203,0.031411203,2.093509608,0.0,True,0.015038,False,IfcArbitraryClosedProfileDef,IfcIndexedPolyCurve,IFC_GEOMETRY,OK
2WhJK$bUjD8vwcXLWsmGs6,丸型ダクト:00_丸タップ:41895397,丸型ダクト:00_丸タップ,1FL,ROUND,200.0,,,1200.0,1200.0,0.031415927,0.031411203,0.031411203,0.753982237,0.0,True,0.015038,False,IfcArbitraryClosedProfileDef,IfcIndexedPolyCurve,IFC_GEOMETRY,OK
2WhJK$bUjD8vwcXLWsmGs4,丸型ダクト:00_丸タップ:41895399,丸型ダクト:00_丸タップ,1FL,ROUND,200.0,,,261.104,261.104,0.031415927,0.031411203,0.031411203,0.164056217,0.0,True,0.015038,False,IfcArbitraryClosedProfileDef,IfcIndexedPolyCurve,IFC_GEOMETRY,OK
2WhJK$bUjD8vwcXLWsmGs8,丸型ダクト:00_丸タップ:41895403,丸型ダクト:00_丸タップ,1FL,ROUND,200.0,,,544.078,544.078,0.031415927,0.031411203,0.031411203,0.341854419,0.0,True,0.015038,False,IfcArbitraryClosedProfileDef,IfcIndexedPolyCurve,IFC_GEOMETRY,OK
2WhJK$bUjD8vwcXLWsmGsE,丸型ダクト:00_丸タップ:41895405,丸型ダクト:00_丸タップ,1FL,ROUND,200.0,,,3331.924,3331.924,0.031415927,0.031411203,0.031411203,2.093509608,0.0,True,0.015038,False,IfcArbitraryClosedProfileDef,IfcIndexedPolyCurve,IFC_GEOMETRY,OK
2WhJK$bUjD8vwcXLWsmGsD,丸型ダクト:00_丸タップ:41895406,丸型ダクト:00_丸タップ,1FL,ROUND,200.0,,,921.623,921.623,0.031415927,0.031411203,0.031411203,0.579072725,0.0,True,0.015038,False,IfcArbitraryClosedProfileDef,IfcIndexedPolyCurve,IFC_GEOMETRY,OK
2WhJK$bUjD8vwcXLWsmGsH,丸型ダクト:00_丸タップ:41895410,丸型ダクト:00_丸タップ,1FL,ROUND,200.0,,,501.756,501.756,0.031415927,0.031411203,0.031411203,0.315262313,0.0,True,0.015038,False,IfcArbitraryClosedProfileDef,IfcIndexedPolyCurve,IFC_GEOMETRY,OK
2WhJK$bUjD8vwcXLWsmGsN,丸型ダクト:00_丸タップ:41895412,丸型ダクト:00_丸タップ,1FL,ROUND,200.0,,,1200.0,1200.0,0.031415927,0.031411203,0.031411203,0.753982237,0.0,True,0.015038,False,IfcArbitraryClosedProfileDef,IfcIndexedPolyCurve,IFC_GEOMETRY,OK
2WhJK$bUjD8vwcXLWsmGsK,丸型ダクト:00_丸タップ:41895415,丸型ダクト:00_丸タップ,1FL,ROUND,150.0,,,2659.375,2659.375,0.017671459,0.017668802,0.017668802,1.253200944,0.0,True,0.015038,False,IfcArbitraryClosedProfileDef,IfcIndexedPolyCurve,IFC_GEOMETRY,OK
2WhJK$bUjD8vwcXLWsmGsR,丸型ダクト:00_丸タップ:41895416,丸型ダクト:00_丸タップ,1FL,ROUND,150.0,,,1158.904,1158.904,0.017671459,0.017668802,0.017668802,0.546120474,0.0,True,0.015038,False,IfcArbitraryClosedProfileDef,IfcIndexedPolyCurve,IFC_GEOMETRY,OK
2WhJK$bUjD8vwcXLWsmGsQ,丸型ダクト:00_丸タップ:41895417,丸型ダクト:00_丸タップ,1FL,ROUND,150.0,,,3276.107,3276.107,0.017671459,0.017668802,0.017668802,1.543829069,0.0,True,0.015038,False,IfcArbitraryClosedProfileDef,IfcIndexedPolyCurve,IFC_GEOMETRY,OK
2WhJK$bUjD8vwcXLWsmGsP,丸型ダクト:00_丸タップ:41895418,丸型ダクト:00_丸タップ,1FL,ROUND,150.0,,,1291.096,1291.096,0.017671459,0.017668802,0.017668802,0.608414827,0.0,True,0.015038,False,IfcArbitraryClosedProfileDef,IfcIndexedPolyCurve,IFC_GEOMETRY,OK
2WhJK$bUjD8vwcXLWsmGsS,丸型ダクト:00_丸タップ:41895423,丸型ダクト:00_丸タップ,1FL,ROUND,200.0,,,594.5,594.5,0.031415927,0.031411203,0.031411203,0.373535367,0.0,True,0.015038,False,IfcArbitraryClosedProfileDef,IfcIndexedPolyCurve,IFC_GEOMETRY,OK
2WhJK$bUjD8vwcXLWsmGvX,丸型ダクト:00_丸タップ:41895426,丸型ダクト:00_丸タップ,1FL,ROUND,200.0,,,4231.096,4231.096,0.031415927,0.031411203,0.031411203,2.658476249,0.0,True,0.015038,False,IfcArbitraryClosedProfileDef,IfcIndexedPolyCurve,IFC_GEOMETRY,OK
2WhJK$bUjD8vwcXLWsmGvW,丸型ダクト:00_丸タップ:41895427,丸型ダクト:00_丸タップ,1FL,ROUND,200.0,,,344.901,344.901,0.031415927,0.031411203,0.031411203,0.216707881,0.0,True,0.015038,False,IfcArbitraryClosedProfileDef,IfcIndexedPolyCurve,IFC_GEOMETRY,OK
2WhJK$bUjD8vwcXLWsmGvd,丸型ダクト:00_丸タップ:41895428,丸型ダクト:00_丸タップ,1FL,ROUND,200.0,,,1381.096,1381.096,0.031415927,0.031411203,0.031411203,0.867768436,0.0,True,0.015038,False,IfcArbitraryClosedProfileDef,IfcIndexedPolyCurve,IFC_GEOMETRY,OK
2WhJK$bUjD8vwcXLWsmGvc,丸型ダクト:00_丸タップ:41895429,丸型ダクト:00_丸タップ,1FL,ROUND,200.0,,,1007.905,1007.905,0.031415927,0.031411203,0.031411203,0.633285577,0.0,True,0.015038,False,IfcArbitraryClosedProfileDef,IfcIndexedPolyCurve,IFC_GEOMETRY,OK
2WhJK$bUjD8vwcXLWsmGvk,丸型ダクト:00_丸タップ:41895437,丸型ダクト:00_丸タップ,1FL,ROUND,150.0,,,347.09,347.09,0.017671459,0.017668802,0.017668802,0.163562363,0.0,True,0.015038,False,IfcArbitraryClosedProfileDef,IfcIndexedPolyCurve,IFC_GEOMETRY,OK
2WhJK$bUjD8vwcXLWsmGvj,丸型ダクト:00_丸タップ:41895438,丸型ダクト:00_丸タップ,1FL,ROUND,150.0,,,1340.0,1340.0,0.017671459,0.017668802,0.017668802,0.631460123,0.0,True,0.015038,False,IfcArbitraryClosedProfileDef,IfcIndexedPolyCurve,IFC_GEOMETRY,OK
2WhJK$bUjD8vwcXLWsmGvi,丸型ダクト:00_丸タップ:41895439,丸型ダクト:00_丸タップ,1FL,ROUND,150.0,,,445.0,445.0,0.017671459,0.017668802,0.017668802,0.20970131,0.0,True,0.015038,False,IfcArbitraryClosedProfileDef,IfcIndexedPolyCurve,IFC_GEOMETRY,OK
2WhJK$bUjD8vwcXLWsmGvo,丸型ダクト:00_丸タップ:41895441,丸型ダクト:00_丸タップ,1FL,ROUND,150.0,,,3087.854,3087.854,0.017671459,0.017668802,0.017668802,1.455116933,0.0,True,0.015038,False,IfcArbitraryClosedProfileDef,IfcIndexedPolyCurve,IFC_GEOMETRY,OK
2WhJK$bUjD8vwcXLWsmGvs,丸型ダクト:00_丸タップ:41895445,丸型ダクト:00_丸タップ,1FL,ROUND,100.0,,,1779.0,1779.0,0.007853982,0.007852801,0.007852801,0.558889333,0.0,True,0.015038,False,IfcArbitraryClosedProfileDef,IfcIndexedPolyCurve,IFC_GEOMETRY,OK
2WhJK$bUjD8vwcXLWsmGvw,丸型ダクト:00_丸タップ:41895449,丸型ダクト:00_丸タップ,1FL,ROUND,250.0,,,1055.0,1055.0,0.049087385,0.049080005,0.049080005,0.828595062,0.0,True,0.015038,False,IfcArbitraryClosedProfileDef,IfcIndexedPolyCurve,IFC_GEOMETRY,OK
2WhJK$bUjD8vwcXLWsmGv_,丸型ダクト:00_丸タップ:41895453,丸型ダクト:00_丸タップ,1FL,ROUND,250.0,,,1055.0,1055.0,0.049087385,0.049080005,0.049080005,0.828595062,0.0,True,0.015038,False,IfcArbitraryClosedProfileDef,IfcIndexedPolyCurve,IFC_GEOMETRY,OK
2WhJK$bUjD8vwcXLWsmGv2,丸型ダクト:00_丸タップ:41895457,丸型ダクト:00_丸タップ,1FL,ROUND,250.0,,,1055.0,1055.0,0.049087385,0.049080005,0.049080005,0.828595062,0.0,True,0.015038,False,IfcArbitraryClosedProfileDef,IfcIndexedPolyCurve,IFC_GEOMETRY,OK
2WhJK$bUjD8vwcXLWsmGv9,丸型ダクト:00_丸タップ:41895466,丸型ダクト:00_丸タップ,4FL,ROUND,200.0,,,4511.0,4511.0,0.031415927,0.031411203,0.031411203,2.834344892,0.0,True,0.015038,False,IfcArbitraryClosedProfileDef,IfcIndexedPolyCurve,IFC_GEOMETRY,OK
2WhJK$bUjD8vwcXLWsmGv8,角型ダクト:00_角ティー:41895467,角型ダクト:00_角ティー,4FL,RECTANGULAR,,705.0,500.0,200.0,200.0,0.3525,0.3525,0.3525,0.482,0.0,True,0.0,True,IfcArbitraryClosedProfileDef,IfcIndexedPolyCurve,IFC_GEOMETRY,OK
2WhJK$bUjD8vwcXLWsmGvJ,角型ダクト:00_角ティー:41895472,角型ダクト:00_角ティー,4FL,RECTANGULAR,,8601.961,200.0,500.0,500.0,1.72039228,1.72039228,1.72039228,8.801961399,0.0,True,0.0,True,IfcArbitraryClosedProfileDef,IfcIndexedPolyCurve,IFC_GEOMETRY,OK
2WhJK$bUjD8vwcXLWsmGvM,角型ダクト:00_角ティー:41895477,角型ダクト:00_角ティー,4FL,RECTANGULAR,,6125.332,500.0,200.0,200.0,3.062666127,3.062666127,3.062666127,2.650132902,0.0,True,0.0,True,IfcArbitraryClosedProfileDef,IfcIndexedPolyCurve,IFC_GEOMETRY,OK
2WhJK$bUjD8vwcXLWsmGvQ,角型ダクト:00_角ティー:41895481,角型ダクト:00_角ティー,4FL,RECTANGULAR,,10204.953,350.0,200.0,200.0,3.571733505,3.571733505,3.571733505,4.221981149,0.0,True,0.0,True,IfcArbitraryClosedProfileDef,IfcIndexedPolyCurve,IFC_GEOMETRY,OK
2WhJK$bUjD8vwcXLWsmGvO,角型ダクト:00_角ティー:41895483,角型ダクト:00_角ティー,4FL,RECTANGULAR,,981.447,350.0,200.0,200.0,0.343506313,0.343506313,0.343506313,0.532578644,0.0,True,0.0,True,IfcArbitraryClosedProfileDef,IfcIndexedPolyCurve,IFC_GEOMETRY,OK
2WhJK$bUjD8vwcXLWsmGvV,丸型ダクト:00_丸タップ:41895484,丸型ダクト:00_丸タップ,4FL,ROUND,250.0,,,355.0,355.0,0.049087385,0.049080005,0.049080005,0.278816348,0.0,True,0.015038,False,IfcArbitraryClosedProfileDef,IfcIndexedPolyCurve,IFC_GEOMETRY,OK
2WhJK$bUjD8vwcXLWsmGvU,角型ダクト:00_角ティー:41895485,角型ダクト:00_角ティー,4FL,RECTANGULAR,,5993.553,500.0,200.0,200.0,2.996776695,2.996776695,2.996776695,2.597421356,0.0,True,0.0,True,IfcArbitraryClosedProfileDef,IfcIndexedPolyCurve,IFC_GEOMETRY,OK
2WhJK$bUjD8vwcXLWsmGvS,角型ダクト:00_角ティー:41895487,角型ダクト:00_角ティー,4FL,RECTANGULAR,,500.0,481.447,200.0,200.0,0.240723305,0.240723305,0.240723305,0.392578644,0.0,True,0.0,True,IfcArbitraryClosedProfileDef,IfcIndexedPolyCurve,IFC_GEOMETRY,OK
2WhJK$bUjD8vwcXLWsmGuZ,角型ダクト:00_角ティー:41895488,角型ダクト:00_角ティー,4FL,RECTANGULAR,,3872.669,350.0,200.0,200.0,1.355434155,1.355434155,1.355434155,1.689067605,0.0,True,0.0,True,IfcArbitraryClosedProfileDef,IfcIndexedPolyCurve,IFC_GEOMETRY,OK
2WhJK$bUjD8vwcXLWsmGue,丸型ダクト:00_丸タップ:41895499,丸型ダクト:00_丸タップ,4FL,ROUND,200.0,,,355.0,355.0,0.031415927,0.031411203,0.031411203,0.223053078,0.0,True,0.015038,False,IfcArbitraryClosedProfileDef,IfcIndexedPolyCurve,IFC_GEOMETRY,OK
2WhJK$bUjD8vwcXLWsmGul,丸型ダクト:00_丸タップ:41895500,丸型ダクト:00_丸タップ,4FL,ROUND,200.0,,,933.484,933.484,0.031415927,0.031411203,0.031411203,0.586525576,0.0,True,0.015038,False,IfcArbitraryClosedProfileDef,IfcIndexedPolyCurve,IFC_GEOMETRY,OK
2WhJK$bUjD8vwcXLWsmGuj,丸型ダクト:00_丸タップ:41895502,丸型ダクト:00_丸タップ,4FL,ROUND,200.0,,,3685.0,3685.0,0.031415927,0.031411203,0.031411203,2.315353786,0.0,True,0.015038,False,IfcArbitraryClosedProfileDef,IfcIndexedPolyCurve,IFC_GEOMETRY,OK
2WhJK$bUjD8vwcXLWsmGuo,丸型ダクト:00_丸タップ:41895505,丸型ダクト:00_丸タップ,4FL,ROUND,250.0,,,1272.374,1272.374,0.049087385,0.049080005,0.049080005,0.999320579,0.0,True,0.015038,False,IfcArbitraryClosedProfileDef,IfcIndexedPolyCurve,IFC_GEOMETRY,OK
2WhJK$bUjD8vwcXLWsmGus,丸型ダクト:00_丸タップ:41895509,丸型ダクト:00_丸タップ,4FL,ROUND,250.0,,,1018.601,1018.601,0.049087385,0.049080005,0.049080005,0.800006976,0.0,True,0.015038,False,IfcArbitraryClosedProfileDef,IfcIndexedPolyCurve,IFC_GEOMETRY,OK
2WhJK$bUjD8vwcXLWsmGu_,丸型ダクト:00_丸タップ:41895517,丸型ダクト:00_丸タップ,4FL,ROUND,200.0,,,4105.0,4105.0,0.031415927,0.031411203,0.031411203,2.579247569,0.0,True,0.015038,False,IfcArbitraryClosedProfileDef,IfcIndexedPolyCurve,IFC_GEOMETRY,OK
2WhJK$bUjD8vwcXLWsmGu3,角型ダクト:00_角ティー:41895520,角型ダクト:00_角ティー,4FL,RECTANGULAR,,3272.669,500.0,200.0,200.0,1.636334507,1.636334507,1.636334507,1.509067605,0.0,True,0.0,True,IfcArbitraryClosedProfileDef,IfcIndexedPolyCurve,IFC_GEOMETRY,OK
2WhJK$bUjD8vwcXLWsmGu0,丸型ダクト:00_丸タップ:41895523,丸型ダクト:00_丸タップ,4FL,ROUND,300.0,,,980.0,980.0,0.070685835,0.070675207,0.070675207,0.92362824,0.0,True,0.015038,False,IfcArbitraryClosedProfileDef,IfcIndexedPolyCurve,IFC_GEOMETRY,OK
2WhJK$bUjD8vwcXLWsmGu6,丸型ダクト:00_丸タップ:41895525,丸型ダクト:00_丸タップ,4FL,ROUND,200.0,,,3040.0,3040.0,0.031415927,0.031411203,0.031411203,1.910088333,0.0,True,0.015038,False,IfcArbitraryClosedProfileDef,IfcIndexedPolyCurve,IFC_GEOMETRY,OK
2WhJK$bUjD8vwcXLWsmGu4,丸型ダクト:00_丸タップ:41895527,丸型ダクト:00_丸タップ,4FL,ROUND,200.0,,,2400.0,2400.0,0.031415927,0.031411203,0.031411203,1.507964474,0.0,True,0.015038,False,IfcArbitraryClosedProfileDef,IfcIndexedPolyCurve,IFC_GEOMETRY,OK
2WhJK$bUjD8vwcXLWsmGuA,丸型ダクト:00_丸タップ:41895529,丸型ダクト:00_丸タップ,4FL,ROUND,200.0,,,576.0,576.0,0.031415927,0.031411203,0.031411203,0.361911474,0.0,True,0.015038,False,IfcArbitraryClosedProfileDef,IfcIndexedPolyCurve,IFC_GEOMETRY,OK
2WhJK$bUjD8vwcXLWsmGu9,丸型ダクト:00_丸タップ:41895530,丸型ダクト:00_丸タップ,4FL,ROUND,200.0,,,576.0,576.0,0.031415927,0.031411203,0.031411203,0.361911474,0.0,True,0.015038,False,IfcArbitraryClosedProfileDef,IfcIndexedPolyCurve,IFC_GEOMETRY,OK
2WhJK$bUjD8vwcXLWsmGuF,丸型ダクト:00_丸タップ:41895532,丸型ダクト:00_丸タップ,4FL,ROUND,250.0,,,937.5,937.5,0.049087385,0.049080005,0.049080005,0.736310778,0.0,True,0.015038,False,IfcArbitraryClosedProfileDef,IfcIndexedPolyCurve,IFC_GEOMETRY,OK
2WhJK$bUjD8vwcXLWsmGuE,丸型ダクト:00_丸タップ:41895533,丸型ダクト:00_丸タップ,4FL,ROUND,200.0,,,1810.0,1810.0,0.031415927,0.031411203,0.031411203,1.137256541,0.0,True,0.015038,False,IfcArbitraryClosedProfileDef,IfcIndexedPolyCurve,IFC_GEOMETRY,OK
2WhJK$bUjD8vwcXLWsmGuO,角型ダクト:00_角ティー:41895547,角型ダクト:00_角ティー,4FL,RECTANGULAR,,10277.5,400.0,250.0,250.0,4.111,4.111,4.111,5.33875,0.0,True,0.0,True,IfcArbitraryClosedProfileDef,IfcIndexedPolyCurve,IFC_GEOMETRY,OK
2WhJK$bUjD8vwcXLWsmGuS,丸型ダクト:00_丸タップ:41895551,丸型ダクト:00_丸タップ,4FL,ROUND,200.0,,,432.269,432.269,0.031415927,0.031411203,0.031411203,0.271602548,0.0,True,0.015038,False,IfcArbitraryClosedProfileDef,IfcIndexedPolyCurve,IFC_GEOMETRY,OK
2WhJK$bUjD8vwcXLWsmGxZ,丸型ダクト:00_丸タップ:41895552,丸型ダクト:00_丸タップ,4FL,ROUND,300.0,,,1909.375,1909.375,0.070685835,0.070675207,0.070675207,1.799543542,0.0,True,0.015038,False,IfcArbitraryClosedProfileDef,IfcIndexedPolyCurve,IFC_GEOMETRY,OK
2WhJK$bUjD8vwcXLWsmGxX,丸型ダクト:00_丸タップ:41895554,丸型ダクト:00_丸タップ,4FL,ROUND,250.0,,,1312.269,1312.269,0.049087385,0.049080005,0.049080005,1.030653569,0.0,True,0.015038,False,IfcArbitraryClosedProfileDef,IfcIndexedPolyCurve,IFC_GEOMETRY,OK
2WhJK$bUjD8vwcXLWsmGxW,丸型ダクト:00_丸タップ:41895555,丸型ダクト:00_丸タップ,4FL,ROUND,250.0,,,947.731,947.731,0.049087385,0.049080005,0.049080005,0.74434628,0.0,True,0.015038,False,IfcArbitraryClosedProfileDef,IfcIndexedPolyCurve,IFC_GEOMETRY,OK
2WhJK$bUjD8vwcXLWsmGxc,丸型ダクト:00_丸タップ:41895557,丸型ダクト:00_丸タップ,4FL,ROUND,200.0,,,2400.0,2400.0,0.031415927,0.031411203,0.031411203,1.507964474,0.0,True,0.015038,False,IfcArbitraryClosedProfileDef,IfcIndexedPolyCurve,IFC_GEOMETRY,OK
2WhJK$bUjD8vwcXLWsmGxb,丸型ダクト:00_丸タップ:41895558,丸型ダクト:00_丸タップ,4FL,ROUND,200.0,,,432.269,432.269,0.031415927,0.031411203,0.031411203,0.271602548,0.0,True,0.015038,False,IfcArbitraryClosedProfileDef,IfcIndexedPolyCurve,IFC_GEOMETRY,OK
2WhJK$bUjD8vwcXLWsmGxg,丸型ダクト:00_丸タップ:41895561,丸型ダクト:00_丸タップ,4FL,ROUND,200.0,,,2400.0,2400.0,0.031415927,0.031411203,0.031411203,1.507964474,0.0,True,0.015038,False,IfcArbitraryClosedProfileDef,IfcIndexedPolyCurve,IFC_GEOMETRY,OK
2WhJK$bUjD8vwcXLWsmGxf,丸型ダクト:00_丸タップ:41895562,丸型ダクト:00_丸タップ,4FL,ROUND,200.0,,,1220.0,1220.0,0.031415927,0.031411203,0.031411203,0.766548607,0.0,True,0.015038,False,IfcArbitraryClosedProfileDef,IfcIndexedPolyCurve,IFC_GEOMETRY,OK
2WhJK$bUjD8vwcXLWsmGxe,丸型ダクト:00_丸タップ:41895563,丸型ダクト:00_丸タップ,4FL,ROUND,200.0,,,576.0,576.0,0.031415927,0.031411203,0.031411203,0.361911474,0.0,True,0.015038,False,IfcArbitraryClosedProfileDef,IfcIndexedPolyCurve,IFC_GEOMETRY,OK
2WhJK$bUjD8vwcXLWsmGxl,丸型ダクト:00_丸タップ:41895564,丸型ダクト:00_丸タップ,4FL,ROUND,200.0,,,576.0,576.0,0.031415927,0.031411203,0.031411203,0.361911474,0.0,True,0.015038,False,IfcArbitraryClosedProfileDef,IfcIndexedPolyCurve,IFC_GEOMETRY,OK
2WhJK$bUjD8vwcXLWsmGxi,角型ダクト:00_角タップ:41895567,角型ダクト:00_角タップ,4FL,RECTANGULAR,,2316.6,550.0,250.0,250.0,1.27413,1.27413,1.27413,1.4333,0.0,True,0.0,True,IfcArbitraryClosedProfileDef,IfcIndexedPolyCurve,IFC_GEOMETRY,OK
2WhJK$bUjD8vwcXLWsmGxp,角型ダクト:00_角タップ:41895568,角型ダクト:00_角タップ,4FL,RECTANGULAR,,6024.309,400.0,250.0,250.0,2.409723492,2.409723492,2.409723492,3.212154365,0.0,True,0.0,True,IfcArbitraryClosedProfileDef,IfcIndexedPolyCurve,IFC_GEOMETRY,OK
2WhJK$bUjD8vwcXLWsmGxr,丸型ダクト:00_丸タップ:41895574,丸型ダクト:00_丸タップ,4FL,ROUND,200.0,,,427.731,427.731,0.031415927,0.031411203,0.031411203,0.268751388,0.0,True,0.015038,False,IfcArbitraryClosedProfileDef,IfcIndexedPolyCurve,IFC_GEOMETRY,OK
2WhJK$bUjD8vwcXLWsmGxw,丸型ダクト:00_丸タップ:41895577,丸型ダクト:00_丸タップ,4FL,ROUND,200.0,,,2400.0,2400.0,0.031415927,0.031411203,0.031411203,1.507964474,0.0,True,0.015038,False,IfcArbitraryClosedProfileDef,IfcIndexedPolyCurve,IFC_GEOMETRY,OK
2WhJK$bUjD8vwcXLWsmGxv,丸型ダクト:00_丸タップ:41895578,丸型ダクト:00_丸タップ,4FL,ROUND,200.0,,,427.731,427.731,0.031415927,0.031411203,0.031411203,0.268751388,0.0,True,0.015038,False,IfcArbitraryClosedProfileDef,IfcIndexedPolyCurve,IFC_GEOMETRY,OK
2WhJK$bUjD8vwcXLWsmGx_,丸型ダクト:00_丸タップ:41895581,丸型ダクト:00_丸タップ,4FL,ROUND,200.0,,,379.606,379.606,0.031415927,0.031411203,0.031411203,0.238513206,0.0,True,0.015038,False,IfcArbitraryClosedProfileDef,IfcIndexedPolyCurve,IFC_GEOMETRY,OK
2WhJK$bUjD8vwcXLWsmGxy,丸型ダクト:00_丸タップ:41895583,丸型ダクト:00_丸タップ,4FL,ROUND,250.0,,,1480.394,1480.394,0.049087385,0.049080005,0.049080005,1.162699076,0.0,True,0.015038,False,IfcArbitraryClosedProfileDef,IfcIndexedPolyCurve,IFC_GEOMETRY,OK
2WhJK$bUjD8vwcXLWsmGx2,丸型ダクト:00_丸タップ:41895585,丸型ダクト:00_丸タップ,4FL,ROUND,200.0,,,2400.0,2400.0,0.031415927,0.031411203,0.031411203,1.507964474,0.0,True,0.015038,False,IfcArbitraryClosedProfileDef,IfcIndexedPolyCurve,IFC_GEOMETRY,OK
2WhJK$bUjD8vwcXLWsmGx1,丸型ダクト:00_丸タップ:41895586,丸型ダクト:00_丸タップ,4FL,ROUND,200.0,,,379.606,379.606,0.031415927,0.031411203,0.031411203,0.238513206,0.0,True,0.015038,False,IfcArbitraryClosedProfileDef,IfcIndexedPolyCurve,IFC_GEOMETRY,OK
2WhJK$bUjD8vwcXLWsmGx7,丸型ダクト:00_丸タップ:41895588,丸型ダクト:00_丸タップ,4FL,ROUND,250.0,,,681.875,681.875,0.049087385,0.049080005,0.049080005,0.535543373,0.0,True,0.015038,False,IfcArbitraryClosedProfileDef,IfcIndexedPolyCurve,IFC_GEOMETRY,OK
2WhJK$bUjD8vwcXLWsmGx5,丸型ダクト:00_丸タップ:41895590,丸型ダクト:00_丸タップ,4FL,ROUND,200.0,,,2400.0,2400.0,0.031415927,0.031411203,0.031411203,1.507964474,0.0,True,0.015038,False,IfcArbitraryClosedProfileDef,IfcIndexedPolyCurve,IFC_GEOMETRY,OK
2WhJK$bUjD8vwcXLWsmGx4,丸型ダクト:00_丸タップ:41895591,丸型ダクト:00_丸タップ,4FL,ROUND,200.0,,,432.269,432.269,0.031415927,0.031411203,0.031411203,0.271602548,0.0,True,0.015038,False,IfcArbitraryClosedProfileDef,IfcIndexedPolyCurve,IFC_GEOMETRY,OK
2WhJK$bUjD8vwcXLWsmGxB,丸型ダクト:00_丸タップ:41895592,丸型ダクト:00_丸タップ,4FL,ROUND,300.0,,,1790.625,1790.625,0.070685835,0.070675207,0.070675207,1.687624304,0.0,True,0.015038,False,IfcArbitraryClosedProfileDef,IfcIndexedPolyCurve,IFC_GEOMETRY,OK
2WhJK$bUjD8vwcXLWsmGx9,丸型ダクト:00_丸タップ:41895594,丸型ダクト:00_丸タップ,4FL,ROUND,250.0,,,2280.0,2280.0,0.049087385,0.049080005,0.049080005,1.790707813,0.0,True,0.015038,False,IfcArbitraryClosedProfileDef,IfcIndexedPolyCurve,IFC_GEOMETRY,OK
2WhJK$bUjD8vwcXLWsmGxD,丸型ダクト:00_丸タップ:41895598,丸型ダクト:00_丸タップ,4FL,ROUND,200.0,,,432.269,432.269,0.031415927,0.031411203,0.031411203,0.271602548,0.0,True,0.015038,False,IfcArbitraryClosedProfileDef,IfcIndexedPolyCurve,IFC_GEOMETRY,OK
2WhJK$bUjD8vwcXLWsmGxI,丸型ダクト:00_丸タップ:41895601,丸型ダクト:00_丸タップ,4FL,ROUND,200.0,,,2400.0,2400.0,0.031415927,0.031411203,0.031411203,1.507964474,0.0,True,0.015038,False,IfcArbitraryClosedProfileDef,IfcIndexedPolyCurve,IFC_GEOMETRY,OK
2WhJK$bUjD8vwcXLWsmGxG,丸型ダクト:00_丸タップ:41895603,丸型ダクト:00_丸タップ,4FL,ROUND,200.0,,,576.0,576.0,0.031415927,0.031411203,0.031411203,0.361911474,0.0,True,0.015038,False,IfcArbitraryClosedProfileDef,IfcIndexedPolyCurve,IFC_GEOMETRY,OK
2WhJK$bUjD8vwcXLWsmGxN,丸型ダクト:00_丸タップ:41895604,丸型ダクト:00_丸タップ,4FL,ROUND,200.0,,,576.0,576.0,0.031415927,0.031411203,0.031411203,0.361911474,0.0,True,0.015038,False,IfcArbitraryClosedProfileDef,IfcIndexedPolyCurve,IFC_GEOMETRY,OK
2WhJK$bUjD8vwcXLWsmGxK,角型ダクト:00_角タップ:41895607,角型ダクト:00_角タップ,4FL,RECTANGULAR,,2316.6,550.0,250.0,250.0,1.27413,1.27413,1.27413,1.4333,0.0,True,0.0,True,IfcArbitraryClosedProfileDef,IfcIndexedPolyCurve,IFC_GEOMETRY,OK
2WhJK$bUjD8vwcXLWsmGxR,角型ダクト:00_角タップ:41895608,角型ダクト:00_角タップ,4FL,RECTANGULAR,,6024.309,400.0,250.0,250.0,2.409723492,2.409723492,2.409723492,3.212154365,0.0,True,0.0,True,IfcArbitraryClosedProfileDef,IfcIndexedPolyCurve,IFC_GEOMETRY,OK
2WhJK$bUjD8vwcXLWsmGxT,丸型ダクト:00_丸タップ:41895614,丸型ダクト:00_丸タップ,4FL,ROUND,200.0,,,427.731,427.731,0.031415927,0.031411203,0.031411203,0.268751388,0.0,True,0.015038,False,IfcArbitraryClosedProfileDef,IfcIndexedPolyCurve,IFC_GEOMETRY,OK
2WhJK$bUjD8vwcXLWsmGwY,丸型ダクト:00_丸タップ:41895617,丸型ダクト:00_丸タップ,4FL,ROUND,200.0,,,2400.0,2400.0,0.031415927,0.031411203,0.031411203,1.507964474,0.0,True,0.015038,False,IfcArbitraryClosedProfileDef,IfcIndexedPolyCurve,IFC_GEOMETRY,OK
2WhJK$bUjD8vwcXLWsmGwX,丸型ダクト:00_丸タップ:41895618,丸型ダクト:00_丸タップ,4FL,ROUND,200.0,,,427.731,427.731,0.031415927,0.031411203,0.031411203,0.268751388,0.0,True,0.015038,False,IfcArbitraryClosedProfileDef,IfcIndexedPolyCurve,IFC_GEOMETRY,OK
2WhJK$bUjD8vwcXLWsmGwc,丸型ダクト:00_丸タップ:41895621,丸型ダクト:00_丸タップ,4FL,ROUND,200.0,,,379.606,379.606,0.031415927,0.031411203,0.031411203,0.238513206,0.0,True,0.015038,False,IfcArbitraryClosedProfileDef,IfcIndexedPolyCurve,IFC_GEOMETRY,OK
2WhJK$bUjD8vwcXLWsmGwa,丸型ダクト:00_丸タップ:41895623,丸型ダクト:00_丸タップ,4FL,ROUND,250.0,,,1480.394,1480.394,0.049087385,0.049080005,0.049080005,1.162699076,0.0,True,0.015038,False,IfcArbitraryClosedProfileDef,IfcIndexedPolyCurve,IFC_GEOMETRY,OK
2WhJK$bUjD8vwcXLWsmGwg,丸型ダクト:00_丸タップ:41895625,丸型ダクト:00_丸タップ,4FL,ROUND,200.0,,,2400.0,2400.0,0.031415927,0.031411203,0.031411203,1.507964474,0.0,True,0.015038,False,IfcArbitraryClosedProfileDef,IfcIndexedPolyCurve,IFC_GEOMETRY,OK
2WhJK$bUjD8vwcXLWsmGwf,丸型ダクト:00_丸タップ:41895626,丸型ダクト:00_丸タップ,4FL,ROUND,200.0,,,379.606,379.606,0.031415927,0.031411203,0.031411203,0.238513206,0.0,True,0.015038,False,IfcArbitraryClosedProfileDef,IfcIndexedPolyCurve,IFC_GEOMETRY,OK
2WhJK$bUjD8vwcXLWsmGwl,丸型ダクト:00_丸タップ:41895628,丸型ダクト:00_丸タップ,4FL,ROUND,250.0,,,777.5,777.5,0.049087385,0.049080005,0.049080005,0.610647072,0.0,True,0.015038,False,IfcArbitraryClosedProfileDef,IfcIndexedPolyCurve,IFC_GEOMETRY,OK
2WhJK$bUjD8vwcXLWsmGwk,丸型ダクト:00_丸タップ:41895629,丸型ダクト:00_丸タップ,4FL,ROUND,200.0,,,4600.0,4600.0,0.031415927,0.031411203,0.031411203,2.890265241,0.0,True,0.015038,False,IfcArbitraryClosedProfileDef,IfcIndexedPolyCurve,IFC_GEOMETRY,OK
2WhJK$bUjD8vwcXLWsmGwj,丸型ダクト:00_丸タップ:41895630,丸型ダクト:00_丸タップ,4FL,ROUND,200.0,,,4600.0,4600.0,0.031415927,0.031411203,0.031411203,2.890265241,0.0,True,0.015038,False,IfcArbitraryClosedProfileDef,IfcIndexedPolyCurve,IFC_GEOMETRY,OK
2WhJK$bUjD8vwcXLWsmGwp,丸型ダクト:00_丸タップ:41895632,丸型ダクト:00_丸タップ,4FL,ROUND,200.0,,,651.461,651.461,0.031415927,0.031411203,0.031411203,0.409324925,0.0,True,0.015038,False,IfcArbitraryClosedProfileDef,IfcIndexedPolyCurve,IFC_GEOMETRY,OK
2WhJK$bUjD8vwcXLWsmGwm,丸型ダクト:00_丸タップ:41895635,丸型ダクト:00_丸タップ,4FL,ROUND,250.0,,,1995.045,1995.045,0.049087385,0.049080005,0.049080005,1.566904645,0.0,True,0.015038,False,IfcArbitraryClosedProfileDef,IfcIndexedPolyCurve,IFC_GEOMETRY,OK
2WhJK$bUjD8vwcXLWsmGwr,丸型ダクト:00_丸タップ:41895638,丸型ダクト:00_丸タップ,4FL,ROUND,200.0,,,651.461,651.461,0.031415927,0.031411203,0.031411203,0.409324925,0.0,True,0.015038,False,IfcArbitraryClosedProfileDef,IfcIndexedPolyCurve,IFC_GEOMETRY,OK
2WhJK$bUjD8vwcXLWsmGwu,丸型ダクト:00_丸タップ:41895643,丸型ダクト:00_丸タップ,4FL,ROUND,200.0,,,3407.832,3407.832,0.031415927,0.031411203,0.031411203,2.141204155,0.0,True,0.015038,False,IfcArbitraryClosedProfileDef,IfcIndexedPolyCurve,IFC_GEOMETRY,OK
2WhJK$bUjD8vwcXLWsmGw$,丸型ダクト:00_丸タップ:41895644,丸型ダクト:00_丸タップ,4FL,ROUND,200.0,,,600.0,600.0,0.031415927,0.031411203,0.031411203,0.376991118,0.0,True,0.015038,False,IfcArbitraryClosedProfileDef,IfcIndexedPolyCurve,IFC_GEOMETRY,OK
2WhJK$bUjD8vwcXLWsmGw_,丸型ダクト:00_丸タップ:41895645,丸型ダクト:00_丸タップ,4FL,ROUND,200.0,,,600.0,600.0,0.031415927,0.031411203,0.031411203,0.376991118,0.0,True,0.015038,False,IfcArbitraryClosedProfileDef,IfcIndexedPolyCurve,IFC_GEOMETRY,OK
2WhJK$bUjD8vwcXLWsmGw2,丸型ダクト:00_丸タップ:41895649,丸型ダクト:00_丸タップ,4FL,ROUND,250.0,,,3400.0,3400.0,0.049087385,0.049080005,0.049080005,2.670353756,0.0,True,0.015038,False,IfcArbitraryClosedProfileDef,IfcIndexedPolyCurve,IFC_GEOMETRY,OK
2WhJK$bUjD8vwcXLWsmGw1,丸型ダクト:00_丸タップ:41895650,丸型ダクト:00_丸タップ,4FL,ROUND,200.0,,,704.955,704.955,0.031415927,0.031411203,0.031411203,0.442936317,0.0,True,0.015038,False,IfcArbitraryClosedProfileDef,IfcIndexedPolyCurve,IFC_GEOMETRY,OK
2WhJK$bUjD8vwcXLWsmGw0,丸型ダクト:00_丸タップ:41895651,丸型ダクト:00_丸タップ,4FL,ROUND,200.0,,,704.955,704.955,0.031415927,0.031411203,0.031411203,0.442936317,0.0,True,0.015038,False,IfcArbitraryClosedProfileDef,IfcIndexedPolyCurve,IFC_GEOMETRY,OK
2WhJK$bUjD8vwcXLWsmGw4,丸型ダクト:00_丸タップ:41895655,丸型ダクト:00_丸タップ,4FL,ROUND,200.0,,,820.244,820.244,0.031415927,0.031411203,0.031411203,0.515374421,0.0,True,0.015038,False,IfcArbitraryClosedProfileDef,IfcIndexedPolyCurve,IFC_GEOMETRY,OK
2WhJK$bUjD8vwcXLWsmGwA,丸型ダクト:00_丸タップ:41895657,丸型ダクト:00_丸タップ,4FL,ROUND,250.0,,,465.0,465.0,0.049087385,0.049080005,0.049080005,0.365210146,0.0,True,0.015038,False,IfcArbitraryClosedProfileDef,IfcIndexedPolyCurve,IFC_GEOMETRY,OK
2WhJK$bUjD8vwcXLWsmGzj,丸型ダクト:00_丸タップ:41895694,丸型ダクト:00_丸タップ,4FL,ROUND,150.0,,,464.511,464.511,0.017671459,0.017668802,0.017668802,0.218895804,0.0,True,0.015038,False,IfcArbitraryClosedProfileDef,IfcIndexedPolyCurve,IFC_GEOMETRY,OK
2WhJK$bUjD8vwcXLWsmGzi,丸型ダクト:00_丸タップ:41895695,丸型ダクト:00_丸タップ,4FL,ROUND,150.0,,,1801.363,1801.363,0.017671459,0.017668802,0.017668802,0.848872534,0.0,True,0.015038,False,IfcArbitraryClosedProfileDef,IfcIndexedPolyCurve,IFC_GEOMETRY,OK
2WhJK$bUjD8vwcXLWsmGzp,丸型ダクト:00_丸タップ:41895696,丸型ダクト:00_丸タップ,4FL,ROUND,150.0,,,1801.363,1801.363,0.017671459,0.017668802,0.017668802,0.848872534,0.0,True,0.015038,False,IfcArbitraryClosedProfileDef,IfcIndexedPolyCurve,IFC_GEOMETRY,OK
2WhJK$bUjD8vwcXLWsmGzo,丸型ダクト:00_丸タップ:41895697,丸型ダクト:00_丸タップ,4FL,ROUND,150.0,,,1801.363,1801.363,0.017671459,0.017668802,0.017668802,0.848872534,0.0,True,0.015038,False,IfcArbitraryClosedProfileDef,IfcIndexedPolyCurve,IFC_GEOMETRY,OK
2WhJK$bUjD8vwcXLWsmGzn,丸型ダクト:00_丸タップ:41895698,丸型ダクト:00_丸タップ,4FL,ROUND,150.0,,,540.0,540.0,0.017671459,0.017668802,0.017668802,0.254469005,0.0,True,0.015038,False,IfcArbitraryClosedProfileDef,IfcIndexedPolyCurve,IFC_GEOMETRY,OK
2WhJK$bUjD8vwcXLWsmGzm,丸型ダクト:00_丸タップ:41895699,丸型ダクト:00_丸タップ,4FL,ROUND,150.0,,,1867.382,1867.382,0.017671459,0.017668802,0.017668802,0.879983116,0.0,True,0.015038,False,IfcArbitraryClosedProfileDef,IfcIndexedPolyCurve,IFC_GEOMETRY,OK
2WhJK$bUjD8vwcXLWsmGzt,丸型ダクト:00_丸タップ:41895700,丸型ダクト:00_丸タップ,4FL,ROUND,150.0,,,885.0,885.0,0.017671459,0.017668802,0.017668802,0.417046425,0.0,True,0.015038,False,IfcArbitraryClosedProfileDef,IfcIndexedPolyCurve,IFC_GEOMETRY,OK
2WhJK$bUjD8vwcXLWsmGzr,丸型ダクト:00_丸タップ:41895702,丸型ダクト:00_丸タップ,4FL,ROUND,150.0,,,367.5,367.5,0.017671459,0.017668802,0.017668802,0.173180295,0.0,True,0.015038,False,IfcArbitraryClosedProfileDef,IfcIndexedPolyCurve,IFC_GEOMETRY,OK
2WhJK$bUjD8vwcXLWsmGzx,丸型ダクト:00_丸タップ:41895704,丸型ダクト:00_丸タップ,4FL,ROUND,150.0,,,762.5,762.5,0.017671459,0.017668802,0.017668802,0.35931966,0.0,True,0.015038,False,IfcArbitraryClosedProfileDef,IfcIndexedPolyCurve,IFC_GEOMETRY,OK
2WhJK$bUjD8vwcXLWsmGzv,丸型ダクト:00_丸タップ:41895706,丸型ダクト:00_丸タップ,4FL,ROUND,150.0,,,840.93,840.93,0.017671459,0.017668802,0.017668802,0.396278723,0.0,True,0.015038,False,IfcArbitraryClosedProfileDef,IfcIndexedPolyCurve,IFC_GEOMETRY,OK
2WhJK$bUjD8vwcXLWsmGzu,丸型ダクト:00_丸タップ:41895707,丸型ダクト:00_丸タップ,4FL,ROUND,150.0,,,1475.0,1475.0,0.017671459,0.017668802,0.017668802,0.695077375,0.0,True,0.015038,False,IfcArbitraryClosedProfileDef,IfcIndexedPolyCurve,IFC_GEOMETRY,OK
2WhJK$bUjD8vwcXLWsmGz_,丸型ダクト:00_丸タップ:41895709,丸型ダクト:00_丸タップ,4FL,ROUND,250.0,,,1664.062,1664.062,0.049087385,0.049080005,0.049080005,1.306951335,0.0,True,0.015038,False,IfcArbitraryClosedProfileDef,IfcIndexedPolyCurve,IFC_GEOMETRY,OK
2WhJK$bUjD8vwcXLWsmGz3,丸型ダクト:00_丸タップ:41895712,丸型ダクト:00_丸タップ,4FL,ROUND,250.0,,,375.0,375.0,0.049087385,0.049080005,0.049080005,0.294524311,0.0,True,0.015038,False,IfcArbitraryClosedProfileDef,IfcIndexedPolyCurve,IFC_GEOMETRY,OK
2WhJK$bUjD8vwcXLWsmGz2,丸型ダクト:00_丸タップ:41895713,丸型ダクト:00_丸タップ,4FL,ROUND,100.0,,,425.0,425.0,0.007853982,0.007852801,0.007852801,0.133517688,0.0,True,0.015038,False,IfcArbitraryClosedProfileDef,IfcIndexedPolyCurve,IFC_GEOMETRY,OK
2WhJK$bUjD8vwcXLWsmGz0,丸型ダクト:00_丸タップ:41895715,丸型ダクト:00_丸タップ,4FL,ROUND,100.0,,,1065.0,1065.0,0.007853982,0.007852801,0.007852801,0.334579618,0.0,True,0.015038,False,IfcArbitraryClosedProfileDef,IfcIndexedPolyCurve,IFC_GEOMETRY,OK
2WhJK$bUjD8vwcXLWsmGz7,丸型ダクト:00_丸タップ:41895716,丸型ダクト:00_丸タップ,4FL,ROUND,250.0,,,400.0,400.0,0.049087385,0.049080005,0.049080005,0.314159265,0.0,True,0.015038,False,IfcArbitraryClosedProfileDef,IfcIndexedPolyCurve,IFC_GEOMETRY,OK
2WhJK$bUjD8vwcXLWsmGz5,丸型ダクト:00_丸タップ:41895718,丸型ダクト:00_丸タップ,4FL,ROUND,250.0,,,93.046,93.046,0.049087385,0.049080005,0.049080005,0.073078013,0.0,True,0.015038,False,IfcArbitraryClosedProfileDef,IfcIndexedPolyCurve,IFC_GEOMETRY,OK
2WhJK$bUjD8vwcXLWsmGzB,丸型ダクト:00_丸タップ:41895720,丸型ダクト:00_丸タップ,4FL,ROUND,250.0,,,815.0,815.0,0.049087385,0.049080005,0.049080005,0.640099503,0.0,True,0.015038,False,IfcArbitraryClosedProfileDef,IfcIndexedPolyCurve,IFC_GEOMETRY,OK
2WhJK$bUjD8vwcXLWsmGzA,丸型ダクト:00_丸タップ:41895721,丸型ダクト:00_丸タップ,4FL,ROUND,150.0,,,1898.478,1898.478,0.017671459,0.017668802,0.017668802,0.894636548,0.0,True,0.015038,False,IfcArbitraryClosedProfileDef,IfcIndexedPolyCurve,IFC_GEOMETRY,OK
2WhJK$bUjD8vwcXLWsmGz9,丸型ダクト:00_丸タップ:41895722,丸型ダクト:00_丸タップ,4FL,ROUND,250.0,,,401.625,401.625,0.049087385,0.049080005,0.049080005,0.315435432,0.0,True,0.015038,False,IfcArbitraryClosedProfileDef,IfcIndexedPolyCurve,IFC_GEOMETRY,OK
2WhJK$bUjD8vwcXLWsmGzF,丸型ダクト:00_丸タップ:41895724,丸型ダクト:00_丸タップ,4FL,ROUND,250.0,,,1043.812,1043.812,0.049087385,0.049080005,0.049080005,0.819807985,0.0,True,0.015038,False,IfcArbitraryClosedProfileDef,IfcIndexedPolyCurve,IFC_GEOMETRY,OK
2WhJK$bUjD8vwcXLWsmGzE,丸型ダクト:00_丸タップ:41895725,丸型ダクト:00_丸タップ,4FL,ROUND,250.0,,,465.0,465.0,0.049087385,0.049080005,0.049080005,0.365210146,0.0,True,0.015038,False,IfcArbitraryClosedProfileDef,IfcIndexedPolyCurve,IFC_GEOMETRY,OK
2WhJK$bUjD8vwcXLWsmGzD,丸型ダクト:00_丸タップ:41895726,丸型ダクト:00_丸タップ,4FL,ROUND,250.0,,,480.0,480.0,0.049087385,0.049080005,0.049080005,0.376991118,0.0,True,0.015038,False,IfcArbitraryClosedProfileDef,IfcIndexedPolyCurve,IFC_GEOMETRY,OK
2WhJK$bUjD8vwcXLWsmGzL,丸型ダクト:00_丸タップ:41895734,丸型ダクト:00_丸タップ,4FL,ROUND,250.0,,,93.046,93.046,0.049087385,0.049080005,0.049080005,0.073078013,0.0,True,0.015038,False,IfcArbitraryClosedProfileDef,IfcIndexedPolyCurve,IFC_GEOMETRY,OK
2WhJK$bUjD8vwcXLWsmGzR,丸型ダクト:00_丸タップ:41895736,丸型ダクト:00_丸タップ,4FL,ROUND,150.0,,,1942.382,1942.382,0.017671459,0.017668802,0.017668802,0.915326034,0.0,True,0.015038,False,IfcArbitraryClosedProfileDef,IfcIndexedPolyCurve,IFC_GEOMETRY,OK
2WhJK$bUjD8vwcXLWsmGzQ,丸型ダクト:00_丸タップ:41895737,丸型ダクト:00_丸タップ,4FL,ROUND,150.0,,,915.93,915.93,0.017671459,0.017668802,0.017668802,0.431621641,0.0,True,0.015038,False,IfcArbitraryClosedProfileDef,IfcIndexedPolyCurve,IFC_GEOMETRY,OK
2WhJK$bUjD8vwcXLWsmGzP,丸型ダクト:00_丸タップ:41895738,丸型ダクト:00_丸タップ,4FL,ROUND,250.0,,,460.0,460.0,0.049087385,0.049080005,0.049080005,0.361283155,0.0,True,0.015038,False,IfcArbitraryClosedProfileDef,IfcIndexedPolyCurve,IFC_GEOMETRY,OK
2WhJK$bUjD8vwcXLWsmGzO,丸型ダクト:00_丸タップ:41895739,丸型ダクト:00_丸タップ,4FL,ROUND,250.0,,,385.0,385.0,0.049087385,0.049080005,0.049080005,0.302378293,0.0,True,0.015038,False,IfcArbitraryClosedProfileDef,IfcIndexedPolyCurve,IFC_GEOMETRY,OK
2WhJK$bUjD8vwcXLWsmGzV,丸型ダクト:00_丸タップ:41895740,丸型ダクト:00_丸タップ,4FL,ROUND,200.0,,,6465.158,6465.158,0.031415927,0.031411203,0.031411203,4.062178648,0.0,True,0.015038,False,IfcArbitraryClosedProfileDef,IfcIndexedPolyCurve,IFC_GEOMETRY,OK
2WhJK$bUjD8vwcXLWsmGzU,丸型ダクト:00_丸タップ:41895741,丸型ダクト:00_丸タップ,4FL,ROUND,200.0,,,1110.0,1110.0,0.031415927,0.031411203,0.031411203,0.697433569,0.0,True,0.015038,False,IfcArbitraryClosedProfileDef,IfcIndexedPolyCurve,IFC_GEOMETRY,OK
2WhJK$bUjD8vwcXLWsmGzT,丸型ダクト:00_丸タップ:41895742,丸型ダクト:00_丸タップ,4FL,ROUND,200.0,,,1047.956,1047.956,0.031415927,0.031411203,0.031411203,0.658450469,0.0,True,0.015038,False,IfcArbitraryClosedProfileDef,IfcIndexedPolyCurve,IFC_GEOMETRY,OK
2WhJK$bUjD8vwcXLWsmGzS,丸型ダクト:00_丸タップ:41895743,丸型ダクト:00_丸タップ,4FL,ROUND,200.0,,,1250.0,1250.0,0.031415927,0.031411203,0.031411203,0.785398163,0.0,True,0.015038,False,IfcArbitraryClosedProfileDef,IfcIndexedPolyCurve,IFC_GEOMETRY,OK
2WhJK$bUjD8vwcXLWsmGyX,丸型ダクト:00_丸タップ:41895746,丸型ダクト:00_丸タップ,4FL,ROUND,150.0,,,5435.355,5435.355,0.017671459,0.017668802,0.017668802,2.56135086,0.0,True,0.015038,False,IfcArbitraryClosedProfileDef,IfcIndexedPolyCurve,IFC_GEOMETRY,OK
2WhJK$bUjD8vwcXLWsmGyc,丸型ダクト:00_丸タップ:41895749,丸型ダクト:00_丸タップ,4FL,ROUND,200.0,,,640.0,640.0,0.031415927,0.031411203,0.031411203,0.40212386,0.0,True,0.015038,False,IfcArbitraryClosedProfileDef,IfcIndexedPolyCurve,IFC_GEOMETRY,OK
2WhJK$bUjD8vwcXLWsmGyb,丸型ダクト:00_丸タップ:41895750,丸型ダクト:00_丸タップ,4FL,ROUND,200.0,,,93.046,93.046,0.031415927,0.031411203,0.031411203,0.05846241,0.0,True,0.015038,False,IfcArbitraryClosedProfileDef,IfcIndexedPolyCurve,IFC_GEOMETRY,OK
2WhJK$bUjD8vwcXLWsmGye,丸型ダクト:00_丸タップ:41895755,丸型ダクト:00_丸タップ,4FL,ROUND,250.0,,,320.492,320.492,0.049087385,0.049080005,0.049080005,0.251713447,0.0,True,0.015038,False,IfcArbitraryClosedProfileDef,IfcIndexedPolyCurve,IFC_GEOMETRY,OK
2WhJK$bUjD8vwcXLWsmGyk,丸型ダクト:00_丸タップ:41895757,丸型ダクト:00_丸タップ,4FL,ROUND,250.0,,,352.363,352.363,0.049087385,0.049080005,0.049080005,0.276745618,0.0,True,0.015038,False,IfcArbitraryClosedProfileDef,IfcIndexedPolyCurve,IFC_GEOMETRY,OK
2WhJK$bUjD8vwcXLWsmGyi,丸型ダクト:00_丸タップ:41895759,丸型ダクト:00_丸タップ,4FL,ROUND,150.0,,,1956.843,1956.843,0.017671459,0.017668802,0.017668802,0.922140403,0.0,True,0.015038,False,IfcArbitraryClosedProfileDef,IfcIndexedPolyCurve,IFC_GEOMETRY,OK
2WhJK$bUjD8vwcXLWsmGyo,丸型ダクト:00_丸タップ:41895761,丸型ダクト:00_丸タップ,4FL,ROUND,150.0,,,843.157,843.157,0.017671459,0.017668802,0.017668802,0.397328511,0.0,True,0.015038,False,IfcArbitraryClosedProfileDef,IfcIndexedPolyCurve,IFC_GEOMETRY,OK
2WhJK$bUjD8vwcXLWsmGyn,丸型ダクト:00_丸タップ:41895762,丸型ダクト:00_丸タップ,4FL,ROUND,150.0,,,1600.0,1600.0,0.017671459,0.017668802,0.017668802,0.753982237,0.0,True,0.015038,False,IfcArbitraryClosedProfileDef,IfcIndexedPolyCurve,IFC_GEOMETRY,OK
2WhJK$bUjD8vwcXLWsmGym,丸型ダクト:00_丸タップ:41895763,丸型ダクト:00_丸タップ,4FL,ROUND,150.0,,,763.157,763.157,0.017671459,0.017668802,0.017668802,0.359629399,0.0,True,0.015038,False,IfcArbitraryClosedProfileDef,IfcIndexedPolyCurve,IFC_GEOMETRY,OK
2WhJK$bUjD8vwcXLWsmGyt,丸型ダクト:00_丸タップ:41895764,丸型ダクト:00_丸タップ,4FL,ROUND,250.0,,,259.125,259.125,0.049087385,0.049080005,0.049080005,0.203516193,0.0,True,0.015038,False,IfcArbitraryClosedProfileDef,IfcIndexedPolyCurve,IFC_GEOMETRY,OK
2WhJK$bUjD8vwcXLWsmGyv,丸型ダクト:00_丸タップ:41895770,丸型ダクト:00_丸タップ,4FL,ROUND,200.0,,,782.859,782.859,0.031415927,0.031411203,0.031411203,0.491884523,0.0,True,0.015038,False,IfcArbitraryClosedProfileDef,IfcIndexedPolyCurve,IFC_GEOMETRY,OK
2WhJK$bUjD8vwcXLWsmGy_,丸型ダクト:00_丸タップ:41895773,丸型ダクト:00_丸タップ,4FL,ROUND,200.0,,,208.682,208.682,0.031415927,0.031411203,0.031411203,0.131118695,0.0,True,0.015038,False,IfcArbitraryClosedProfileDef,IfcIndexedPolyCurve,IFC_GEOMETRY,OK
2WhJK$bUjD8vwcXLWsmGy3,丸型ダクト:00_丸タップ:41895776,丸型ダクト:00_丸タップ,4FL,ROUND,200.0,,,827.686,827.686,0.031415927,0.031411203,0.031411203,0.520050397,0.0,True,0.015038,False,IfcArbitraryClosedProfileDef,IfcIndexedPolyCurve,IFC_GEOMETRY,OK
2WhJK$bUjD8vwcXLWsmGy1,丸型ダクト:00_丸タップ:41895778,丸型ダクト:00_丸タップ,4FL,ROUND,200.0,,,4586.169,4586.169,0.031415927,0.031411203,0.031411203,2.881575258,0.0,True,0.015038,False,IfcArbitraryClosedProfileDef,IfcIndexedPolyCurve,IFC_GEOMETRY,OK
2WhJK$bUjD8vwcXLWsmGy0,丸型ダクト:00_丸タップ:41895779,丸型ダクト:00_丸タップ,4FL,ROUND,200.0,,,1120.0,1120.0,0.031415927,0.031411203,0.031411203,0.703716754,0.0,True,0.015038,False,IfcArbitraryClosedProfileDef,IfcIndexedPolyCurve,IFC_GEOMETRY,OK
2WhJK$bUjD8vwcXLWsmGy6,丸型ダクト:00_丸タップ:41895781,丸型ダクト:00_丸タップ,4FL,ROUND,200.0,,,782.859,782.859,0.031415927,0.031411203,0.031411203,0.491884523,0.0,True,0.015038,False,IfcArbitraryClosedProfileDef,IfcIndexedPolyCurve,IFC_GEOMETRY,OK
2WhJK$bUjD8vwcXLWsmGyB,丸型ダクト:00_丸タップ:41895784,丸型ダクト:00_丸タップ,4FL,ROUND,200.0,,,208.682,208.682,0.031415927,0.031411203,0.031411203,0.131118695,0.0,True,0.015038,False,IfcArbitraryClosedProfileDef,IfcIndexedPolyCurve,IFC_GEOMETRY,OK
2WhJK$bUjD8vwcXLWsmGy8,丸型ダクト:00_丸タップ:41895787,丸型ダクト:00_丸タップ,4FL,ROUND,200.0,,,702.374,702.374,0.031415927,0.031411203,0.031411203,0.441314884,0.0,True,0.015038,False,IfcArbitraryClosedProfileDef,IfcIndexedPolyCurve,IFC_GEOMETRY,OK
2WhJK$bUjD8vwcXLWsmGyF,丸型ダクト:00_丸タップ:41895788,丸型ダクト:00_丸タップ,4FL,ROUND,200.0,,,4374.361,4374.361,0.031415927,0.031411203,0.031411203,2.748491783,0.0,True,0.015038,False,IfcArbitraryClosedProfileDef,IfcIndexedPolyCurve,IFC_GEOMETRY,OK
2WhJK$bUjD8vwcXLWsmGyE,丸型ダクト:00_丸タップ:41895789,丸型ダクト:00_丸タップ,4FL,ROUND,200.0,,,936.5,936.5,0.031415927,0.031411203,0.031411203,0.588420304,0.0,True,0.015038,False,IfcArbitraryClosedProfileDef,IfcIndexedPolyCurve,IFC_GEOMETRY,OK
2WhJK$bUjD8vwcXLWsmGyD,丸型ダクト:00_丸タップ:41895790,丸型ダクト:00_丸タップ,4FL,ROUND,200.0,,,93.046,93.046,0.031415927,0.031411203,0.031411203,0.05846241,0.0,True,0.015038,False,IfcArbitraryClosedProfileDef,IfcIndexedPolyCurve,IFC_GEOMETRY,OK
2WhJK$bUjD8vwcXLWsmGyG,丸型ダクト:00_丸タップ:41895795,丸型ダクト:00_丸タップ,4FL,ROUND,200.0,,,827.686,827.686,0.031415927,0.031411203,0.031411203,0.520050397,0.0,True,0.015038,False,IfcArbitraryClosedProfileDef,IfcIndexedPolyCurve,IFC_GEOMETRY,OK
2WhJK$bUjD8vwcXLWsmGyM,丸型ダクト:00_丸タップ:41895797,丸型ダクト:00_丸タップ,4FL,ROUND,200.0,,,4374.361,4374.361,0.031415927,0.031411203,0.031411203,2.748491783,0.0,True,0.015038,False,IfcArbitraryClosedProfileDef,IfcIndexedPolyCurve,IFC_GEOMETRY,OK
2WhJK$bUjD8vwcXLWsmGyL,丸型ダクト:00_丸タップ:41895798,丸型ダクト:00_丸タップ,4FL,ROUND,200.0,,,936.5,936.5,0.031415927,0.031411203,0.031411203,0.588420304,0.0,True,0.015038,False,IfcArbitraryClosedProfileDef,IfcIndexedPolyCurve,IFC_GEOMETRY,OK
2WhJK$bUjD8vwcXLWsmGyK,丸型ダクト:00_丸タップ:41895799,丸型ダクト:00_丸タップ,4FL,ROUND,200.0,,,93.046,93.046,0.031415927,0.031411203,0.031411203,0.05846241,0.0,True,0.015038,False,IfcArbitraryClosedProfileDef,IfcIndexedPolyCurve,IFC_GEOMETRY,OK
2WhJK$bUjD8vwcXLWsmG$Y,丸型ダクト:00_丸タップ:41895809,丸型ダクト:00_丸タップ,4FL,ROUND,250.0,,,2799.125,2799.125,0.049087385,0.049080005,0.049080005,2.198427528,0.0,True,0.015038,False,IfcArbitraryClosedProfileDef,IfcIndexedPolyCurve,IFC_GEOMETRY,OK
2WhJK$bUjD8vwcXLWsmG$X,丸型ダクト:00_丸タップ:41895810,丸型ダクト:00_丸タップ,4FL,ROUND,250.0,,,1487.5,1487.5,0.049087385,0.049080005,0.049080005,1.168279768,0.0,True,0.015038,False,IfcArbitraryClosedProfileDef,IfcIndexedPolyCurve,IFC_GEOMETRY,OK
2WhJK$bUjD8vwcXLWsmG$W,丸型ダクト:00_丸タップ:41895811,丸型ダクト:00_丸タップ,4FL,ROUND,250.0,,,93.046,93.046,0.049087385,0.049080005,0.049080005,0.073078013,0.0,True,0.015038,False,IfcArbitraryClosedProfileDef,IfcIndexedPolyCurve,IFC_GEOMETRY,OK
2WhJK$bUjD8vwcXLWsmG$d,丸型ダクト:00_丸タップ:41895812,丸型ダクト:00_丸タップ,4FL,ROUND,200.0,,,1342.314,1342.314,0.031415927,0.031411203,0.031411203,0.84340053,0.0,True,0.015038,False,IfcArbitraryClosedProfileDef,IfcIndexedPolyCurve,IFC_GEOMETRY,OK
2WhJK$bUjD8vwcXLWsmG$c,丸型ダクト:00_丸タップ:41895813,丸型ダクト:00_丸タップ,4FL,ROUND,200.0,,,500.0,500.0,0.031415927,0.031411203,0.031411203,0.314159265,0.0,True,0.015038,False,IfcArbitraryClosedProfileDef,IfcIndexedPolyCurve,IFC_GEOMETRY,OK
2WhJK$bUjD8vwcXLWsmG$b,丸型ダクト:00_丸タップ:41895814,丸型ダクト:00_丸タップ,4FL,ROUND,200.0,,,500.0,500.0,0.031415927,0.031411203,0.031411203,0.314159265,0.0,True,0.015038,False,IfcArbitraryClosedProfileDef,IfcIndexedPolyCurve,IFC_GEOMETRY,OK
2WhJK$bUjD8vwcXLWsmG$a,丸型ダクト:00_丸タップ:41895815,丸型ダクト:00_丸タップ,4FL,ROUND,250.0,,,962.686,962.686,0.049087385,0.049080005,0.049080005,0.756092104,0.0,True,0.015038,False,IfcArbitraryClosedProfileDef,IfcIndexedPolyCurve,IFC_GEOMETRY,OK
2WhJK$bUjD8vwcXLWsmG$f,丸型ダクト:00_丸タップ:41895818,丸型ダクト:00_丸タップ,4FL,ROUND,200.0,,,1434.812,1434.812,0.031415927,0.031411203,0.031411203,0.901519081,0.0,True,0.015038,False,IfcArbitraryClosedProfileDef,IfcIndexedPolyCurve,IFC_GEOMETRY,OK
2WhJK$bUjD8vwcXLWsmG$e,丸型ダクト:00_丸タップ:41895819,丸型ダクト:00_丸タップ,4FL,ROUND,200.0,,,500.0,500.0,0.031415927,0.031411203,0.031411203,0.314159265,0.0,True,0.015038,False,IfcArbitraryClosedProfileDef,IfcIndexedPolyCurve,IFC_GEOMETRY,OK
2WhJK$bUjD8vwcXLWsmG$l,丸型ダクト:00_丸タップ:41895820,丸型ダクト:00_丸タップ,4FL,ROUND,200.0,,,500.0,500.0,0.031415927,0.031411203,0.031411203,0.314159265,0.0,True,0.015038,False,IfcArbitraryClosedProfileDef,IfcIndexedPolyCurve,IFC_GEOMETRY,OK
2WhJK$bUjD8vwcXLWsmG$i,丸型ダクト:00_丸タップ:41895823,丸型ダクト:00_丸タップ,4FL,ROUND,250.0,,,1052.688,1052.688,0.049087385,0.049080005,0.049080005,0.82677908,0.0,True,0.015038,False,IfcArbitraryClosedProfileDef,IfcIndexedPolyCurve,IFC_GEOMETRY,OK
2WhJK$bUjD8vwcXLWsmG$p,丸型ダクト:00_丸タップ:41895824,丸型ダクト:00_丸タップ,4FL,ROUND,250.0,,,1650.875,1650.875,0.049087385,0.049080005,0.049080005,1.296594299,0.0,True,0.015038,False,IfcArbitraryClosedProfileDef,IfcIndexedPolyCurve,IFC_GEOMETRY,OK
2WhJK$bUjD8vwcXLWsmG$t,丸型ダクト:00_丸タップ:41895828,丸型ダクト:00_丸タップ,4FL,ROUND,200.0,,,1408.282,1408.282,0.031415927,0.031411203,0.031411203,0.884849679,0.0,True,0.015038,False,IfcArbitraryClosedProfileDef,IfcIndexedPolyCurve,IFC_GEOMETRY,OK
2WhJK$bUjD8vwcXLWsmG$q,丸型ダクト:00_丸タップ:41895831,丸型ダクト:00_丸タップ,4FL,ROUND,250.0,,,1100.0,1100.0,0.049087385,0.049080005,0.049080005,0.86393798,0.0,True,0.015038,False,IfcArbitraryClosedProfileDef,IfcIndexedPolyCurve,IFC_GEOMETRY,OK
2WhJK$bUjD8vwcXLWsmG$u,丸型ダクト:00_丸タップ:41895835,丸型ダクト:00_丸タップ,4FL,ROUND,250.0,,,1285.0,1285.0,0.049087385,0.049080005,0.049080005,1.00923664,0.0,True,0.015038,False,IfcArbitraryClosedProfileDef,IfcIndexedPolyCurve,IFC_GEOMETRY,OK
2WhJK$bUjD8vwcXLWsmG$y,丸型ダクト:00_丸タップ:41895839,丸型ダクト:00_丸タップ,4FL,ROUND,250.0,,,1255.0,1255.0,0.049087385,0.049080005,0.049080005,0.985674695,0.0,True,0.015038,False,IfcArbitraryClosedProfileDef,IfcIndexedPolyCurve,IFC_GEOMETRY,OK
2WhJK$bUjD8vwcXLWsmG$0,丸型ダクト:00_丸タップ:41895843,丸型ダクト:00_丸タップ,4FL,ROUND,250.0,,,1255.0,1255.0,0.049087385,0.049080005,0.049080005,0.985674695,0.0,True,0.015038,False,IfcArbitraryClosedProfileDef,IfcIndexedPolyCurve,IFC_GEOMETRY,OK
2WhJK$bUjD8vwcXLWsmG$B,丸型ダクト:00_丸タップ:41895848,丸型ダクト:00_丸タップ,4FL,ROUND,200.0,,,3228.597,3228.597,0.031415927,0.031411203,0.031411203,2.028587507,0.0,True,0.015038,False,IfcArbitraryClosedProfileDef,IfcIndexedPolyCurve,IFC_GEOMETRY,OK
2WhJK$bUjD8vwcXLWsmG$9,丸型ダクト:00_丸タップ:41895850,丸型ダクト:00_丸タップ,4FL,ROUND,200.0,,,309.47,309.47,0.031415927,0.031411203,0.031411203,0.194445739,0.0,True,0.015038,False,IfcArbitraryClosedProfileDef,IfcIndexedPolyCurve,IFC_GEOMETRY,OK
2WhJK$bUjD8vwcXLWsmG$E,丸型ダクト:00_丸タップ:41895853,丸型ダクト:00_丸タップ,2FL,ROUND,150.0,,,800.0,800.0,0.017671459,0.017668802,0.017668802,0.376991118,0.0,True,0.015038,False,IfcArbitraryClosedProfileDef,IfcIndexedPolyCurve,IFC_GEOMETRY,OK
2WhJK$bUjD8vwcXLWsmG$D,丸型ダクト:00_丸タップ:41895854,丸型ダクト:00_丸タップ,2FL,ROUND,150.0,,,800.0,800.0,0.017671459,0.017668802,0.017668802,0.376991118,0.0,True,0.015038,False,IfcArbitraryClosedProfileDef,IfcIndexedPolyCurve,IFC_GEOMETRY,OK
2WhJK$bUjD8vwcXLWsmG$C,丸型ダクト:00_丸タップ:41895855,丸型ダクト:00_丸タップ,2FL,ROUND,150.0,,,320.0,320.0,0.017671459,0.017668802,0.017668802,0.150796447,0.0,True,0.015038,False,IfcArbitraryClosedProfileDef,IfcIndexedPolyCurve,IFC_GEOMETRY,OK
2WhJK$bUjD8vwcXLWsmG$J,丸型ダクト:00_丸タップ:41895856,丸型ダクト:00_丸タップ,2FL,ROUND,150.0,,,715.0,715.0,0.017671459,0.017668802,0.017668802,0.336935812,0.0,True,0.015038,False,IfcArbitraryClosedProfileDef,IfcIndexedPolyCurve,IFC_GEOMETRY,OK
2WhJK$bUjD8vwcXLWsmG$I,丸型ダクト:00_丸タップ:41895857,丸型ダクト:00_丸タップ,2FL,ROUND,150.0,,,1400.0,1400.0,0.017671459,0.017668802,0.017668802,0.659734457,0.0,True,0.015038,False,IfcArbitraryClosedProfileDef,IfcIndexedPolyCurve,IFC_GEOMETRY,OK
2WhJK$bUjD8vwcXLWsmG$H,丸型ダクト:00_丸タップ:41895858,丸型ダクト:00_丸タップ,2FL,ROUND,150.0,,,405.0,405.0,0.017671459,0.017668802,0.017668802,0.190851754,0.0,True,0.015038,False,IfcArbitraryClosedProfileDef,IfcIndexedPolyCurve,IFC_GEOMETRY,OK
2WhJK$bUjD8vwcXLWsmG$G,丸型ダクト:00_丸タップ:41895859,丸型ダクト:00_丸タップ,2FL,ROUND,200.0,,,1150.0,1150.0,0.031415927,0.031411203,0.031411203,0.72256631,0.0,True,0.015038,False,IfcArbitraryClosedProfileDef,IfcIndexedPolyCurve,IFC_GEOMETRY,OK
2WhJK$bUjD8vwcXLWsmG$M,角型ダクト:00_角タップ:41895861,角型ダクト:00_角タップ,2FL,RECTANGULAR,,2072.0,550.0,250.0,250.0,1.1396,1.1396,1.1396,1.311,0.0,True,0.0,True,IfcArbitraryClosedProfileDef,IfcIndexedPolyCurve,IFC_GEOMETRY,OK
2WhJK$bUjD8vwcXLWsmG$T,丸型ダクト:00_丸タップ:41895870,丸型ダクト:00_丸タップ,2FL,ROUND,250.0,,,2212.5,2212.5,0.049087385,0.049080005,0.049080005,1.737693437,0.0,True,0.015038,False,IfcArbitraryClosedProfileDef,IfcIndexedPolyCurve,IFC_GEOMETRY,OK
2WhJK$bUjD8vwcXLWsmG$S,角型ダクト:00_角タップ:41895871,角型ダクト:00_角タップ,2FL,RECTANGULAR,,2072.0,550.0,250.0,250.0,1.1396,1.1396,1.1396,1.311,0.0,True,0.0,True,IfcArbitraryClosedProfileDef,IfcIndexedPolyCurve,IFC_GEOMETRY,OK
2WhJK$bUjD8vwcXLWsmG_a,丸型ダクト:00_丸タップ:41895879,丸型ダクト:00_丸タップ,2FL,ROUND,250.0,,,2230.0,2230.0,0.049087385,0.049080005,0.049080005,1.751437904,0.0,True,0.015038,False,IfcArbitraryClosedProfileDef,IfcIndexedPolyCurve,IFC_GEOMETRY,OK
2WhJK$bUjD8vwcXLWsmG_h,角型ダクト:00_角タップ:41895880,角型ダクト:00_角タップ,2FL,RECTANGULAR,,6301.163,400.0,250.0,250.0,2.520465032,2.520465032,2.520465032,3.35058129,0.0,True,0.0,True,IfcArbitraryClosedProfileDef,IfcIndexedPolyCurve,IFC_GEOMETRY,OK
2WhJK$bUjD8vwcXLWsmG_m,角型ダクト:00_角タップ:41895891,角型ダクト:00_角タップ,2FL,RECTANGULAR,,1089.807,250.0,350.0,350.0,0.272451835,0.272451835,0.272451835,0.937865137,0.0,True,0.0,True,IfcArbitraryClosedProfileDef,IfcIndexedPolyCurve,IFC_GEOMETRY,OK
2WhJK$bUjD8vwcXLWsmG_t,丸型ダクト:00_丸タップ:41895892,丸型ダクト:00_丸タップ,2FL,ROUND,250.0,,,2882.827,2882.827,0.049087385,0.049080005,0.049080005,2.264166752,0.0,True,0.015038,False,IfcArbitraryClosedProfileDef,IfcIndexedPolyCurve,IFC_GEOMETRY,OK
2WhJK$bUjD8vwcXLWsmG_s,丸型ダクト:00_丸タップ:41895893,丸型ダクト:00_丸タップ,2FL,ROUND,300.0,,,581.375,581.375,0.070685835,0.070675207,0.070675207,0.547932669,0.0,True,0.015038,False,IfcArbitraryClosedProfileDef,IfcIndexedPolyCurve,IFC_GEOMETRY,OK
2WhJK$bUjD8vwcXLWsmG_r,丸型ダクト:00_丸タップ:41895894,丸型ダクト:00_丸タップ,2FL,ROUND,300.0,,,1100.0,1100.0,0.070685835,0.070675207,0.070675207,1.036725576,0.0,True,0.015038,False,IfcArbitraryClosedProfileDef,IfcIndexedPolyCurve,IFC_GEOMETRY,OK
2WhJK$bUjD8vwcXLWsmG_u,丸型ダクト:00_丸タップ:41895899,丸型ダクト:00_丸タップ,2FL,ROUND,200.0,,,1120.0,1120.0,0.031415927,0.031411203,0.031411203,0.703716754,0.0,True,0.015038,False,IfcArbitraryClosedProfileDef,IfcIndexedPolyCurve,IFC_GEOMETRY,OK
2WhJK$bUjD8vwcXLWsmG_z,丸型ダクト:00_丸タップ:41895902,丸型ダクト:00_丸タップ,2FL,ROUND,200.0,,,702.374,702.374,0.031415927,0.031411203,0.031411203,0.441314884,0.0,True,0.015038,False,IfcArbitraryClosedProfileDef,IfcIndexedPolyCurve,IFC_GEOMETRY,OK
2WhJK$bUjD8vwcXLWsmG_1,丸型ダクト:00_丸タップ:41895906,丸型ダクト:00_丸タップ,2FL,ROUND,200.0,,,1030.294,1030.294,0.031415927,0.031411203,0.031411203,0.647353046,0.0,True,0.015038,False,IfcArbitraryClosedProfileDef,IfcIndexedPolyCurve,IFC_GEOMETRY,OK
2WhJK$bUjD8vwcXLWsmG_4,丸型ダクト:00_丸タップ:41895911,丸型ダクト:00_丸タップ,2FL,ROUND,350.0,,,758.013,758.013,0.096211275,0.096196809,0.096196809,0.83347851,0.0,True,0.015038,False,IfcArbitraryClosedProfileDef,IfcIndexedPolyCurve,IFC_GEOMETRY,OK
2WhJK$bUjD8vwcXLWsmG_8,丸型ダクト:00_丸タップ:41895915,丸型ダクト:00_丸タップ,2FL,ROUND,350.0,,,563.623,563.623,0.096211275,0.096196809,0.096196809,0.619735428,0.0,True,0.015038,False,IfcArbitraryClosedProfileDef,IfcIndexedPolyCurve,IFC_GEOMETRY,OK
2WhJK$bUjD8vwcXLWsmG_F,丸型ダクト:00_丸タップ:41895916,丸型ダクト:00_丸タップ,2FL,ROUND,200.0,,,981.166,981.166,0.031415927,0.031411203,0.031411203,0.616485075,0.0,True,0.015038,False,IfcArbitraryClosedProfileDef,IfcIndexedPolyCurve,IFC_GEOMETRY,OK
2WhJK$bUjD8vwcXLWsmG_E,丸型ダクト:00_丸タップ:41895917,丸型ダクト:00_丸タップ,2FL,ROUND,200.0,,,3706.973,3706.973,0.031415927,0.031411203,0.031411203,2.329159827,0.0,True,0.015038,False,IfcArbitraryClosedProfileDef,IfcIndexedPolyCurve,IFC_GEOMETRY,OK
2WhJK$bUjD8vwcXLWsmG_C,丸型ダクト:00_丸タップ:41895919,丸型ダクト:00_丸タップ,2FL,ROUND,200.0,,,3228.597,3228.597,0.031415927,0.031411203,0.031411203,2.028587507,0.0,True,0.015038,False,IfcArbitraryClosedProfileDef,IfcIndexedPolyCurve,IFC_GEOMETRY,OK
2WhJK$bUjD8vwcXLWsmG_H,丸型ダクト:00_丸タップ:41895922,丸型ダクト:00_丸タップ,2FL,ROUND,200.0,,,812.314,812.314,0.031415927,0.031411203,0.031411203,0.510391993,0.0,True,0.015038,False,IfcArbitraryClosedProfileDef,IfcIndexedPolyCurve,IFC_GEOMETRY,OK
2WhJK$bUjD8vwcXLWsmG_G,丸型ダクト:00_丸タップ:41895923,丸型ダクト:00_丸タップ,2FL,ROUND,200.0,,,981.166,981.166,0.031415927,0.031411203,0.031411203,0.616485075,0.0,True,0.015038,False,IfcArbitraryClosedProfileDef,IfcIndexedPolyCurve,IFC_GEOMETRY,OK
2WhJK$bUjD8vwcXLWsmG_T,角型ダクト:00_角ティー:41895934,角型ダクト:00_角ティー,3FL,RECTANGULAR,,5863.543,400.0,250.0,250.0,2.345417269,2.345417269,2.345417269,3.131771586,0.0,True,0.0,True,IfcArbitraryClosedProfileDef,IfcIndexedPolyCurve,IFC_GEOMETRY,OK
2WhJK$bUjD8vwcXLWsmG_S,丸型ダクト:00_丸タップ:41895935,丸型ダクト:00_丸タップ,3FL,ROUND,250.0,,,605.251,605.251,0.049087385,0.049080005,0.049080005,0.475362968,0.0,True,0.015038,False,IfcArbitraryClosedProfileDef,IfcIndexedPolyCurve,IFC_GEOMETRY,OK
2WhJK$bUjD8vwcXLWsmG1Y,角型ダクト:00_角ティー:41895937,角型ダクト:00_角ティー,3FL,RECTANGULAR,,690.0,400.0,250.0,250.0,0.276,0.276,0.276,0.545,0.0,True,0.0,True,IfcArbitraryClosedProfileDef,IfcIndexedPolyCurve,IFC_GEOMETRY,OK
2WhJK$bUjD8vwcXLWsmG1X,丸型ダクト:00_丸タップ:41895938,丸型ダクト:00_丸タップ,3FL,ROUND,250.0,,,481.817,481.817,0.049087385,0.049080005,0.049080005,0.378418058,0.0,True,0.015038,False,IfcArbitraryClosedProfileDef,IfcIndexedPolyCurve,IFC_GEOMETRY,OK
2WhJK$bUjD8vwcXLWsmG1W,角型ダクト:00_角ティー:41895939,角型ダクト:00_角ティー,3FL,RECTANGULAR,,6179.953,400.0,250.0,250.0,2.471981356,2.471981356,2.471981356,3.289976695,0.0,True,0.0,True,IfcArbitraryClosedProfileDef,IfcIndexedPolyCurve,IFC_GEOMETRY,OK
2WhJK$bUjD8vwcXLWsmG1a,角型ダクト:00_角ティー:41895943,角型ダクト:00_角ティー,3FL,RECTANGULAR,,947.355,400.0,250.0,250.0,0.378942136,0.378942136,0.378942136,0.67367767,0.0,True,0.0,True,IfcArbitraryClosedProfileDef,IfcIndexedPolyCurve,IFC_GEOMETRY,OK
2WhJK$bUjD8vwcXLWsmG1h,丸型ダクト:00_丸タップ:41895944,丸型ダクト:00_丸タップ,3FL,ROUND,300.0,,,1590.0,1590.0,0.070685835,0.070675207,0.070675207,1.498539696,0.0,True,0.015038,False,IfcArbitraryClosedProfileDef,IfcIndexedPolyCurve,IFC_GEOMETRY,OK
2WhJK$bUjD8vwcXLWsmG1g,丸型ダクト:00_丸タップ:41895945,丸型ダクト:00_丸タップ,3FL,ROUND,250.0,,,1000.031,1000.031,0.049087385,0.049080005,0.049080005,0.785422633,0.0,True,0.015038,False,IfcArbitraryClosedProfileDef,IfcIndexedPolyCurve,IFC_GEOMETRY,OK
2WhJK$bUjD8vwcXLWsmG1f,丸型ダクト:00_丸タップ:41895946,丸型ダクト:00_丸タップ,3FL,ROUND,250.0,,,1360.0,1360.0,0.049087385,0.049080005,0.049080005,1.068141502,0.0,True,0.015038,False,IfcArbitraryClosedProfileDef,IfcIndexedPolyCurve,IFC_GEOMETRY,OK
2WhJK$bUjD8vwcXLWsmG1e,角型ダクト:00_角タップ:41895947,角型ダクト:00_角タップ,3FL,RECTANGULAR,,1405.355,400.0,250.0,250.0,0.562142136,0.562142136,0.562142136,0.90267767,0.0,True,0.0,True,IfcArbitraryClosedProfileDef,IfcIndexedPolyCurve,IFC_GEOMETRY,OK
2WhJK$bUjD8vwcXLWsmG1l,丸型ダクト:00_丸タップ:41895948,丸型ダクト:00_丸タップ,3FL,ROUND,200.0,,,1180.0,1180.0,0.031415927,0.031411203,0.031411203,0.741415866,0.0,True,0.015038,False,IfcArbitraryClosedProfileDef,IfcIndexedPolyCurve,IFC_GEOMETRY,OK
2WhJK$bUjD8vwcXLWsmG1o,丸型ダクト:00_丸タップ:41895953,丸型ダクト:00_丸タップ,3FL,ROUND,200.0,,,3840.707,3840.707,0.031415927,0.031411203,0.031411203,2.413187097,0.0,True,0.015038,False,IfcArbitraryClosedProfileDef,IfcIndexedPolyCurve,IFC_GEOMETRY,OK
2WhJK$bUjD8vwcXLWsmG1n,丸型ダクト:00_丸タップ:41895954,丸型ダクト:00_丸タップ,3FL,ROUND,250.0,,,6228.938,6228.938,0.049087385,0.049080005,0.049080005,4.892196552,0.0,True,0.015038,False,IfcArbitraryClosedProfileDef,IfcIndexedPolyCurve,IFC_GEOMETRY,OK
2WhJK$bUjD8vwcXLWsmG1m,丸型ダクト:00_丸タップ:41895955,丸型ダクト:00_丸タップ,3FL,ROUND,250.0,,,705.0,705.0,0.049087385,0.049080005,0.049080005,0.553705705,0.0,True,0.015038,False,IfcArbitraryClosedProfileDef,IfcIndexedPolyCurve,IFC_GEOMETRY,OK
2WhJK$bUjD8vwcXLWsmG1t,角型ダクト:00_角タップ:41895956,角型ダクト:00_角タップ,3FL,RECTANGULAR,,8930.754,400.0,250.0,250.0,3.572301646,3.572301646,3.572301646,4.665377058,0.0,True,0.0,True,IfcArbitraryClosedProfileDef,IfcIndexedPolyCurve,IFC_GEOMETRY,OK
2WhJK$bUjD8vwcXLWsmG1v,丸型ダクト:00_丸タップ:41895962,丸型ダクト:00_丸タップ,3FL,ROUND,250.0,,,367.398,367.398,0.049087385,0.049080005,0.049080005,0.288553951,0.0,True,0.015038,False,IfcArbitraryClosedProfileDef,IfcIndexedPolyCurve,IFC_GEOMETRY,OK
2WhJK$bUjD8vwcXLWsmG1$,角型ダクト:00_角タップ:41895964,角型ダクト:00_角タップ,3FL,RECTANGULAR,,8599.264,400.0,250.0,250.0,3.439705627,3.439705627,3.439705627,4.499632034,0.0,True,0.0,True,IfcArbitraryClosedProfileDef,IfcIndexedPolyCurve,IFC_GEOMETRY,OK
2WhJK$bUjD8vwcXLWsmG10,丸型ダクト:00_丸タップ:41895971,丸型ダクト:00_丸タップ,3FL,ROUND,200.0,,,360.0,360.0,0.031415927,0.031411203,0.031411203,0.226194671,0.0,True,0.015038,False,IfcArbitraryClosedProfileDef,IfcIndexedPolyCurve,IFC_GEOMETRY,OK
2WhJK$bUjD8vwcXLWsmG17,角型ダクト:00_角タップ:41895972,角型ダクト:00_角タップ,3FL,RECTANGULAR,,9731.49,400.0,250.0,250.0,3.892596019,3.892596019,3.892596019,5.065745023,0.0,True,0.0,True,IfcArbitraryClosedProfileDef,IfcIndexedPolyCurve,IFC_GEOMETRY,OK
2WhJK$bUjD8vwcXLWsmG1A,丸型ダクト:00_丸タップ:41895977,丸型ダクト:00_丸タップ,3FL,ROUND,250.0,,,530.031,530.031,0.049087385,0.049080005,0.049080005,0.416285496,0.0,True,0.015038,False,IfcArbitraryClosedProfileDef,IfcIndexedPolyCurve,IFC_GEOMETRY,OK
2WhJK$bUjD8vwcXLWsmG19,丸型ダクト:00_丸タップ:41895978,丸型ダクト:00_丸タップ,3FL,ROUND,200.0,,,698.888,698.888,0.031415927,0.031411203,0.031411203,0.4391245,0.0,True,0.015038,False,IfcArbitraryClosedProfileDef,IfcIndexedPolyCurve,IFC_GEOMETRY,OK
2WhJK$bUjD8vwcXLWsmG18,丸型ダクト:00_丸タップ:41895979,丸型ダクト:00_丸タップ,3FL,ROUND,200.0,,,410.031,410.031,0.031415927,0.031411203,0.031411203,0.257630173,0.0,True,0.015038,False,IfcArbitraryClosedProfileDef,IfcIndexedPolyCurve,IFC_GEOMETRY,OK
2WhJK$bUjD8vwcXLWsmG1F,角型ダクト:00_角ティー:41895980,角型ダクト:00_角ティー,3FL,RECTANGULAR,,800.0,500.0,200.0,200.0,0.4,0.4,0.4,0.52,0.0,True,0.0,True,IfcArbitraryClosedProfileDef,IfcIndexedPolyCurve,IFC_GEOMETRY,OK
2WhJK$bUjD8vwcXLWsmG1D,角型ダクト:00_角ティー:41895982,角型ダクト:00_角ティー,3FL,RECTANGULAR,,8600.0,500.0,200.0,200.0,4.3,4.3,4.3,3.64,0.0,True,0.0,True,IfcArbitraryClosedProfileDef,IfcIndexedPolyCurve,IFC_GEOMETRY,OK
2WhJK$bUjD8vwcXLWsmG1G,角型ダクト:00_角ティー:41895987,角型ダクト:00_角ティー,3FL,RECTANGULAR,,4528.15,500.0,200.0,200.0,2.264074846,2.264074846,2.264074846,2.011259877,0.0,True,0.0,True,IfcArbitraryClosedProfileDef,IfcIndexedPolyCurve,IFC_GEOMETRY,OK
2WhJK$bUjD8vwcXLWsmG1Q,角型ダクト:00_角ティー:41895993,角型ダクト:00_角ティー,3FL,RECTANGULAR,,1720.332,500.0,200.0,200.0,0.860166127,0.860166127,0.860166127,0.888132902,0.0,True,0.0,True,IfcArbitraryClosedProfileDef,IfcIndexedPolyCurve,IFC_GEOMETRY,OK
2WhJK$bUjD8vwcXLWsmG1T,丸型ダクト:00_丸タップ:41895998,丸型ダクト:00_丸タップ,3FL,ROUND,250.0,,,839.495,839.495,0.049087385,0.049080005,0.049080005,0.659337747,0.0,True,0.015038,False,IfcArbitraryClosedProfileDef,IfcIndexedPolyCurve,IFC_GEOMETRY,OK
2WhJK$bUjD8vwcXLWsmG1S,角型ダクト:00_角タップ:41895999,角型ダクト:00_角タップ,3FL,RECTANGULAR,,5168.645,400.0,250.0,250.0,2.06745783,2.06745783,2.06745783,2.784322287,0.0,True,0.0,True,IfcArbitraryClosedProfileDef,IfcIndexedPolyCurve,IFC_GEOMETRY,OK
2WhJK$bUjD8vwcXLWsmG0Z,丸型ダクト:00_丸タップ:41896000,丸型ダクト:00_丸タップ,3FL,ROUND,300.0,,,450.0,450.0,0.070685835,0.070675207,0.070675207,0.424115008,0.0,True,0.015038,False,IfcArbitraryClosedProfileDef,IfcIndexedPolyCurve,IFC_GEOMETRY,OK
2WhJK$bUjD8vwcXLWsmG0W,角型ダクト:00_角タップ:41896003,角型ダクト:00_角タップ,3FL,RECTANGULAR,,800.736,400.0,250.0,250.0,0.320294373,0.320294373,0.320294373,0.600367966,0.0,True,0.0,True,IfcArbitraryClosedProfileDef,IfcIndexedPolyCurve,IFC_GEOMETRY,OK
2WhJK$bUjD8vwcXLWsmG0c,角型ダクト:00_角ティー:41896005,角型ダクト:00_角ティー,3FL,RECTANGULAR,,2471.955,400.0,250.0,250.0,0.988782136,0.988782136,0.988782136,1.43597767,0.0,True,0.0,True,IfcArbitraryClosedProfileDef,IfcIndexedPolyCurve,IFC_GEOMETRY,OK
2WhJK$bUjD8vwcXLWsmG0a,角型ダクト:00_角タップ:41896007,角型ダクト:00_角タップ,3FL,RECTANGULAR,,800.736,400.0,250.0,250.0,0.320294373,0.320294373,0.320294373,0.600367966,0.0,True,0.0,True,IfcArbitraryClosedProfileDef,IfcIndexedPolyCurve,IFC_GEOMETRY,OK
2WhJK$bUjD8vwcXLWsmG0p,角型ダクト:00_角タップ:41896016,角型ダクト:00_角タップ,4FL,RECTANGULAR,,1113.0,400.0,250.0,250.0,0.4452,0.4452,0.4452,0.7565,0.0,True,0.0,True,IfcArbitraryClosedProfileDef,IfcIndexedPolyCurve,IFC_GEOMETRY,OK
2WhJK$bUjD8vwcXLWsmG0o,角型ダクト:00_角タップ:41896017,角型ダクト:00_角タップ,4FL,RECTANGULAR,,1113.0,250.0,350.0,350.0,0.27825,0.27825,0.27825,0.9541,0.0,True,0.0,True,IfcArbitraryClosedProfileDef,IfcIndexedPolyCurve,IFC_GEOMETRY,OK
2WhJK$bUjD8vwcXLWsmG0n,丸型ダクト:00_丸タップ:41896018,丸型ダクト:00_丸タップ,4FL,ROUND,250.0,,,1840.736,1840.736,0.049087385,0.049080005,0.049080005,1.44571062,0.0,True,0.015038,False,IfcArbitraryClosedProfileDef,IfcIndexedPolyCurve,IFC_GEOMETRY,OK
2WhJK$bUjD8vwcXLWsmG0m,丸型ダクト:00_丸タップ:41896019,丸型ダクト:00_丸タップ,4FL,ROUND,250.0,,,1436.091,1436.091,0.049087385,0.049080005,0.049080005,1.127903446,0.0,True,0.015038,False,IfcArbitraryClosedProfileDef,IfcIndexedPolyCurve,IFC_GEOMETRY,OK
2WhJK$bUjD8vwcXLWsmG0u,丸型ダクト:00_丸タップ:41896027,丸型ダクト:00_丸タップ,1FL,ROUND,200.0,,,3017.536,3017.536,0.031415927,0.031411203,0.031411203,1.895973502,0.0,True,0.015038,False,IfcArbitraryClosedProfileDef,IfcIndexedPolyCurve,IFC_GEOMETRY,OK
2WhJK$bUjD8vwcXLWsmG0_,丸型ダクト:00_丸タップ:41896029,丸型ダクト:00_丸タップ,1FL,ROUND,150.0,,,3517.536,3517.536,0.017671459,0.017668802,0.017668802,1.657599576,0.0,True,0.015038,False,IfcArbitraryClosedProfileDef,IfcIndexedPolyCurve,IFC_GEOMETRY,OK
2WhJK$bUjD8vwcXLWsmG0C,丸型ダクト:00_丸タップ:41896047,丸型ダクト:00_丸タップ,4FL,ROUND,250.0,,,7495.0,7495.0,0.049087385,0.049080005,0.049080005,5.886559235,0.0,True,0.015038,False,IfcArbitraryClosedProfileDef,IfcIndexedPolyCurve,IFC_GEOMETRY,OK
2WhJK$bUjD8vwcXLWsmG0L,丸型ダクト:00_丸タップ:41896054,丸型ダクト:00_丸タップ,4FL,ROUND,200.0,,,812.314,812.314,0.031415927,0.031411203,0.031411203,0.510391993,0.0,True,0.015038,False,IfcArbitraryClosedProfileDef,IfcIndexedPolyCurve,IFC_GEOMETRY,OK
2WhJK$bUjD8vwcXLWsmG0K,丸型ダクト:00_丸タップ:41896055,丸型ダクト:00_丸タップ,4FL,ROUND,200.0,,,1667.042,1667.042,0.031415927,0.031411203,0.031411203,1.04743349,0.0,True,0.015038,False,IfcArbitraryClosedProfileDef,IfcIndexedPolyCurve,IFC_GEOMETRY,OK
2WhJK$bUjD8vwcXLWsmG0U,丸型ダクト:00_丸タップ:41896061,丸型ダクト:00_丸タップ,5FL,ROUND,200.0,,,1413.874,1413.874,0.031415927,0.031411203,0.031411203,0.888363175,0.0,True,0.015038,False,IfcArbitraryClosedProfileDef,IfcIndexedPolyCurve,IFC_GEOMETRY,OK
2WhJK$bUjD8vwcXLWsmG0T,丸型ダクト:00_丸タップ:41896062,丸型ダクト:00_丸タップ,5FL,ROUND,200.0,,,821.717,821.717,0.031415927,0.031411203,0.031411203,0.516299778,0.0,True,0.015038,False,IfcArbitraryClosedProfileDef,IfcIndexedPolyCurve,IFC_GEOMETRY,OK
2WhJK$bUjD8vwcXLWsmG0S,丸型ダクト:00_丸タップ:41896063,丸型ダクト:00_丸タップ,5FL,ROUND,200.0,,,817.857,817.857,0.031415927,0.031411203,0.031411203,0.513874922,0.0,True,0.015038,False,IfcArbitraryClosedProfileDef,IfcIndexedPolyCurve,IFC_GEOMETRY,OK
2WhJK$bUjD8vwcXLWsmG3Z,丸型ダクト:00_丸タップ:41896064,丸型ダクト:00_丸タップ,5FL,ROUND,200.0,,,3200.0,3200.0,0.031415927,0.031411203,0.031411203,2.010619298,0.0,True,0.015038,False,IfcArbitraryClosedProfileDef,IfcIndexedPolyCurve,IFC_GEOMETRY,OK
2WhJK$bUjD8vwcXLWsmG3Y,丸型ダクト:00_丸タップ:41896065,丸型ダクト:00_丸タップ,5FL,ROUND,200.0,,,1273.874,1273.874,0.031415927,0.031411203,0.031411203,0.80039858,0.0,True,0.015038,False,IfcArbitraryClosedProfileDef,IfcIndexedPolyCurve,IFC_GEOMETRY,OK
2WhJK$bUjD8vwcXLWsmG3W,丸型ダクト:00_丸タップ:41896067,丸型ダクト:00_丸タップ,5FL,ROUND,300.0,,,343.75,343.75,0.070685835,0.070675207,0.070675207,0.323976742,0.0,True,0.015038,False,IfcArbitraryClosedProfileDef,IfcIndexedPolyCurve,IFC_GEOMETRY,OK
2WhJK$bUjD8vwcXLWsmG3c,丸型ダクト:00_丸タップ:41896069,丸型ダクト:00_丸タップ,5FL,ROUND,200.0,,,592.374,592.374,0.031415927,0.031411203,0.031411203,0.372199544,0.0,True,0.015038,False,IfcArbitraryClosedProfileDef,IfcIndexedPolyCurve,IFC_GEOMETRY,OK
2WhJK$bUjD8vwcXLWsmG3a,丸型ダクト:00_丸タップ:41896071,丸型ダクト:00_丸タップ,5FL,ROUND,200.0,,,605.233,605.233,0.031415927,0.031411203,0.031411203,0.380279073,0.0,True,0.015038,False,IfcArbitraryClosedProfileDef,IfcIndexedPolyCurve,IFC_GEOMETRY,OK
2WhJK$bUjD8vwcXLWsmG3h,丸型ダクト:00_丸タップ:41896072,丸型ダクト:00_丸タップ,5FL,ROUND,200.0,,,2980.0,2980.0,0.031415927,0.031411203,0.031411203,1.872389222,0.0,True,0.015038,False,IfcArbitraryClosedProfileDef,IfcIndexedPolyCurve,IFC_GEOMETRY,OK
2WhJK$bUjD8vwcXLWsmG3g,丸型ダクト:00_丸タップ:41896073,丸型ダクト:00_丸タップ,5FL,ROUND,200.0,,,602.992,602.992,0.031415927,0.031411203,0.031411203,0.378871217,0.0,True,0.015038,False,IfcArbitraryClosedProfileDef,IfcIndexedPolyCurve,IFC_GEOMETRY,OK
2WhJK$bUjD8vwcXLWsmG3k,丸型ダクト:00_丸タップ:41896077,丸型ダクト:00_丸タップ,5FL,ROUND,250.0,,,2844.698,2844.698,0.049087385,0.049080005,0.049080005,2.23422047,0.0,True,0.015038,False,IfcArbitraryClosedProfileDef,IfcIndexedPolyCurve,IFC_GEOMETRY,OK
2WhJK$bUjD8vwcXLWsmG3j,丸型ダクト:00_丸タップ:41896078,丸型ダクト:00_丸タップ,5FL,ROUND,250.0,,,889.0,889.0,0.049087385,0.049080005,0.049080005,0.698218967,0.0,True,0.015038,False,IfcArbitraryClosedProfileDef,IfcIndexedPolyCurve,IFC_GEOMETRY,OK
2WhJK$bUjD8vwcXLWsmG3i,丸型ダクト:00_丸タップ:41896079,丸型ダクト:00_丸タップ,5FL,ROUND,250.0,,,1462.5,1462.5,0.049087385,0.049080005,0.049080005,1.148644965,0.0,True,0.015038,False,IfcArbitraryClosedProfileDef,IfcIndexedPolyCurve,IFC_GEOMETRY,OK
2WhJK$bUjD8vwcXLWsmG3p,丸型ダクト:00_丸タップ:41896080,丸型ダクト:00_丸タップ,5FL,ROUND,250.0,,,592.131,592.131,0.049087385,0.049080005,0.049080005,0.46505864,0.0,True,0.015038,False,IfcArbitraryClosedProfileDef,IfcIndexedPolyCurve,IFC_GEOMETRY,OK
2WhJK$bUjD8vwcXLWsmG3r,丸型ダクト:00_丸タップ:41896086,丸型ダクト:00_丸タップ,5FL,ROUND,250.0,,,937.959,937.959,0.049087385,0.049080005,0.049080005,0.736671115,0.0,True,0.015038,False,IfcArbitraryClosedProfileDef,IfcIndexedPolyCurve,IFC_GEOMETRY,OK
2WhJK$bUjD8vwcXLWsmG3q,丸型ダクト:00_丸タップ:41896087,丸型ダクト:00_丸タップ,5FL,ROUND,250.0,,,980.0,980.0,0.049087385,0.049080005,0.049080005,0.7696902,0.0,True,0.015038,False,IfcArbitraryClosedProfileDef,IfcIndexedPolyCurve,IFC_GEOMETRY,OK
2WhJK$bUjD8vwcXLWsmG3w,丸型ダクト:00_丸タップ:41896089,丸型ダクト:00_丸タップ,5FL,ROUND,250.0,,,1508.439,1508.439,0.049087385,0.049080005,0.049080005,1.184725503,0.0,True,0.015038,False,IfcArbitraryClosedProfileDef,IfcIndexedPolyCurve,IFC_GEOMETRY,OK
2WhJK$bUjD8vwcXLWsmG3v,丸型ダクト:00_丸タップ:41896090,丸型ダクト:00_丸タップ,5FL,ROUND,250.0,,,250.178,250.178,0.049087385,0.049080005,0.049080005,0.196489385,0.0,True,0.015038,False,IfcArbitraryClosedProfileDef,IfcIndexedPolyCurve,IFC_GEOMETRY,OK
2WhJK$bUjD8vwcXLWsmG3u,丸型ダクト:00_丸タップ:41896091,丸型ダクト:00_丸タップ,5FL,ROUND,250.0,,,1751.888,1751.888,0.049087385,0.049080005,0.049080005,1.375929763,0.0,True,0.015038,False,IfcArbitraryClosedProfileDef,IfcIndexedPolyCurve,IFC_GEOMETRY,OK
2WhJK$bUjD8vwcXLWsmG30,丸型ダクト:00_丸タップ:41896099,丸型ダクト:00_丸タップ,5FL,ROUND,300.0,,,5439.022,5439.022,0.070685835,0.070675207,0.070675207,5.126157329,0.0,True,0.015038,False,IfcArbitraryClosedProfileDef,IfcIndexedPolyCurve,IFC_GEOMETRY,OK
2WhJK$bUjD8vwcXLWsmG37,丸型ダクト:00_丸タップ:41896100,丸型ダクト:00_丸タップ,5FL,ROUND,300.0,,,1630.403,1630.403,0.070685835,0.070675207,0.070675207,1.53661851,0.0,True,0.015038,False,IfcArbitraryClosedProfileDef,IfcIndexedPolyCurve,IFC_GEOMETRY,OK
2WhJK$bUjD8vwcXLWsmG36,丸型ダクト:00_丸タップ:41896101,丸型ダクト:00_丸タップ,5FL,ROUND,300.0,,,418.75,418.75,0.070685835,0.070675207,0.070675207,0.394662577,0.0,True,0.015038,False,IfcArbitraryClosedProfileDef,IfcIndexedPolyCurve,IFC_GEOMETRY,OK
3OQ3bHcH53dR8eRnVf$33_,丸型ダクト:00_丸タップ:41909683,丸型ダクト:00_丸タップ,5FL,ROUND,300.0,,,1605.597,1605.597,0.070685835,0.070675207,0.070675207,1.513239791,0.0,True,0.015038,False,IfcArbitraryClosedProfileDef,IfcIndexedPolyCurve,IFC_GEOMETRY,OK
3OQ3bHcH53dR8eRnVf$32O,丸型ダクト:00_丸タップ:41909717,丸型ダクト:00_丸タップ,5FL,ROUND,300.0,,,4089.597,4089.597,0.070685835,0.070675207,0.070675207,3.854354483,0.0,True,0.015038,False,IfcArbitraryClosedProfileDef,IfcIndexedPolyCurve,IFC_GEOMETRY,OK
3OQ3bHcH53dR8eRnVf$3Db,丸型ダクト:00_丸タップ:41909800,丸型ダクト:00_丸タップ,5FL,ROUND,250.0,,,593.555,593.555,0.049087385,0.049080005,0.049080005,0.466176802,0.0,True,0.015038,False,IfcArbitraryClosedProfileDef,IfcIndexedPolyCurve,IFC_GEOMETRY,OK
3OQ3bHcH53dR8eRnVf$3CO,丸型ダクト:00_丸タップ:41909845,丸型ダクト:00_丸タップ,5FL,ROUND,250.0,,,646.374,646.374,0.049087385,0.049080005,0.049080005,0.507660968,0.0,True,0.015038,False,IfcArbitraryClosedProfileDef,IfcIndexedPolyCurve,IFC_GEOMETRY,OK
3OQ3bHcH53dR8eRnVf$C5x,丸型ダクト:00_丸タップ:41913398,丸型ダクト:00_丸タップ,4FL,ROUND,200.0,,,1106.84,1106.84,0.031415927,0.031411203,0.031411203,0.695448326,0.0,True,0.015038,False,IfcArbitraryClosedProfileDef,IfcIndexedPolyCurve,IFC_GEOMETRY,OK
3OQ3bHcH53dR8eRnVf$C44,丸型ダクト:00_丸タップ:41913417,丸型ダクト:00_丸タップ,4FL,ROUND,200.0,,,179.268,179.268,0.031415927,0.031411203,0.031411203,0.112637128,0.0,True,0.015038,False,IfcArbitraryClosedProfileDef,IfcIndexedPolyCurve,IFC_GEOMETRY,OK
3OQ3bHcH53dR8eRnVf$C4q,丸型ダクト:00_丸タップ:41913465,丸型ダクト:00_丸タップ,4FL,ROUND,250.0,,,440.0,440.0,0.049087385,0.049080005,0.049080005,0.345575192,0.0,True,0.015038,False,IfcArbitraryClosedProfileDef,IfcIndexedPolyCurve,IFC_GEOMETRY,OK
3OQ3bHcH53dR8eRnVf$C6j,丸型ダクト:00_丸タップ:41913568,丸型ダクト:00_丸タップ,4FL,ROUND,200.0,,,662.0,662.0,0.031415927,0.031411203,0.031411203,0.415946867,0.0,True,0.015038,False,IfcArbitraryClosedProfileDef,IfcIndexedPolyCurve,IFC_GEOMETRY,OK
3OQ3bHcH53dR8eRnVf$C1B,丸型ダクト:00_丸タップ:41913606,丸型ダクト:00_丸タップ,4FL,ROUND,250.0,,,316.0,316.0,0.049087385,0.049080005,0.049080005,0.24818582,0.0,True,0.015038,False,IfcArbitraryClosedProfileDef,IfcIndexedPolyCurve,IFC_GEOMETRY,OK
3OQ3bHcH53dR8eRnVf$C0V,丸型ダクト:00_丸タップ:41913682,丸型ダクト:00_丸タップ,4FL,ROUND,150.0,,,356.65,356.65,0.017671459,0.017668802,0.017668802,0.168067516,0.0,True,0.015038,False,IfcArbitraryClosedProfileDef,IfcIndexedPolyCurve,IFC_GEOMETRY,OK
3OQ3bHcH53dR8eRnVf$C0w,丸型ダクト:00_丸タップ:41913719,丸型ダクト:00_丸タップ,4FL,ROUND,250.0,,,5118.968,5118.968,0.049087385,0.049080005,0.049080005,4.020427917,0.0,True,0.015038,False,IfcArbitraryClosedProfileDef,IfcIndexedPolyCurve,IFC_GEOMETRY,OK
3OQ3bHcH53dR8eRnVf$C3W,丸型ダクト:00_丸タップ:41913773,丸型ダクト:00_丸タップ,4FL,ROUND,250.0,,,212.388,212.388,0.049087385,0.049080005,0.049080005,0.166809325,0.0,True,0.015038,False,IfcArbitraryClosedProfileDef,IfcIndexedPolyCurve,IFC_GEOMETRY,OK
3OQ3bHcH53dR8eRnVf$C2c,丸型ダクト:00_丸タップ:41913835,丸型ダクト:00_丸タップ,4FL,ROUND,250.0,,,452.612,452.612,0.049087385,0.049080005,0.049080005,0.355480454,0.0,True,0.015038,False,IfcArbitraryClosedProfileDef,IfcIndexedPolyCurve,IFC_GEOMETRY,OK
3OQ3bHcH53dR8eRnVf$CCv,丸型ダクト:00_丸タップ:41913972,丸型ダクト:00_丸タップ,4FL,ROUND,200.0,,,355.0,355.0,0.031415927,0.031411203,0.031411203,0.223053078,0.0,True,0.015038,False,IfcArbitraryClosedProfileDef,IfcIndexedPolyCurve,IFC_GEOMETRY,OK
3OQ3bHcH53dR8eRnVf$CFU,丸型ダクト:00_丸タップ:41914003,丸型ダクト:00_丸タップ,4FL,ROUND,200.0,,,345.0,345.0,0.031415927,0.031411203,0.031411203,0.216769893,0.0,True,0.015038,False,IfcArbitraryClosedProfileDef,IfcIndexedPolyCurve,IFC_GEOMETRY,OK
3OQ3bHcH53dR8eRnVf$CBe,丸型ダクト:00_丸ティー:41914277,丸型ダクト:00_丸ティー,4FL,ROUND,250.0,,,692.5,692.5,0.049087385,0.049080005,0.049080005,0.543888228,0.0,True,0.015038,False,IfcArbitraryClosedProfileDef,IfcIndexedPolyCurve,IFC_GEOMETRY,OK
3OQ3bHcH53dR8eRnVf$CAb,丸型ダクト:00_丸タップ:41914344,丸型ダクト:00_丸タップ,4FL,ROUND,250.0,,,513.125,513.125,0.049087385,0.049080005,0.049080005,0.403007433,0.0,True,0.015038,False,IfcArbitraryClosedProfileDef,IfcIndexedPolyCurve,IFC_GEOMETRY,OK
3OQ3bHcH53dR8eRnVf$Dq2,丸型ダクト:00_丸タップ:41914447,丸型ダクト:00_丸タップ,4FL,ROUND,250.0,,,850.0,850.0,0.049087385,0.049080005,0.049080005,0.667588439,0.0,True,0.015038,False,IfcArbitraryClosedProfileDef,IfcIndexedPolyCurve,IFC_GEOMETRY,OK
3OQ3bHcH53dR8eRnVf$DtT,丸型ダクト:00_丸タップ:41914512,丸型ダクト:00_丸タップ,4FL,ROUND,250.0,,,850.0,850.0,0.049087385,0.049080005,0.049080005,0.667588439,0.0,True,0.015038,False,IfcArbitraryClosedProfileDef,IfcIndexedPolyCurve,IFC_GEOMETRY,OK
3OQ3bHcH53dR8eRnVf$Dnf,丸型ダクト:00_丸タップ:41914660,丸型ダクト:00_丸タップ,4FL,ROUND,300.0,,,200.0,200.0,0.070685835,0.070675207,0.070675207,0.188495559,0.0,True,0.015038,False,IfcArbitraryClosedProfileDef,IfcIndexedPolyCurve,IFC_GEOMETRY,OK
3OQ3bHcH53dR8eRnVf$Dme,丸型ダクト:00_丸タップ:41914725,丸型ダクト:00_丸タップ,4FL,ROUND,200.0,,,1015.516,1015.516,0.031415927,0.031411203,0.031411203,0.638067241,0.0,True,0.015038,False,IfcArbitraryClosedProfileDef,IfcIndexedPolyCurve,IFC_GEOMETRY,OK
3OQ3bHcH53dR8eRnVf$DpZ,丸型ダクト:00_丸タップ:41914798,丸型ダクト:00_丸タップ,4FL,ROUND,200.0,,,1370.0,1370.0,0.031415927,0.031411203,0.031411203,0.860796387,0.0,True,0.015038,False,IfcArbitraryClosedProfileDef,IfcIndexedPolyCurve,IFC_GEOMETRY,OK
3OQ3bHcH53dR8eRnVf$Doa,丸型ダクト:00_丸タップ:41914857,丸型ダクト:00_丸タップ,4FL,ROUND,250.0,,,1370.0,1370.0,0.049087385,0.049080005,0.049080005,1.075995484,0.0,True,0.015038,False,IfcArbitraryClosedProfileDef,IfcIndexedPolyCurve,IFC_GEOMETRY,OK
3OQ3bHcH53dR8eRnVf$D_K,丸型ダクト:00_丸タップ:41915097,丸型ダクト:00_丸タップ,4FL,ROUND,200.0,,,1178.861,1178.861,0.031415927,0.031411203,0.031411203,0.740699918,0.0,True,0.015038,False,IfcArbitraryClosedProfileDef,IfcIndexedPolyCurve,IFC_GEOMETRY,OK
3OQ3bHcH53dR8eRnVf$DvV,丸型ダクト:00_丸タップ:41915154,丸型ダクト:00_丸タップ,4FL,ROUND,200.0,,,1178.861,1178.861,0.031415927,0.031411203,0.031411203,0.740699918,0.0,True,0.015038,False,IfcArbitraryClosedProfileDef,IfcIndexedPolyCurve,IFC_GEOMETRY,OK
3OQ3bHcH53dR8eRnVf$Dup,丸型ダクト:00_丸タップ:41915262,丸型ダクト:00_丸タップ,4FL,ROUND,200.0,,,1408.282,1408.282,0.031415927,0.031411203,0.031411203,0.884849679,0.0,True,0.015038,False,IfcArbitraryClosedProfileDef,IfcIndexedPolyCurve,IFC_GEOMETRY,OK
3OQ3bHcH53dR8eRnVf$Dbi,丸型ダクト:00_丸タップ:41915425,丸型ダクト:00_丸タップ,4FL,ROUND,250.0,,,326.625,326.625,0.049087385,0.049080005,0.049080005,0.256530569,0.0,True,0.015038,False,IfcArbitraryClosedProfileDef,IfcIndexedPolyCurve,IFC_GEOMETRY,OK
3OQ3bHcH53dR8eRnVf$DdA,丸型ダクト:00_丸タップ:41915527,丸型ダクト:00_丸タップ,4FL,ROUND,200.0,,,727.573,727.573,0.031415927,0.031411203,0.031411203,0.457147492,0.0,True,0.015038,False,IfcArbitraryClosedProfileDef,IfcIndexedPolyCurve,IFC_GEOMETRY,OK
3OQ3bHcH53dR8eRnVf$DcE,丸型ダクト:00_丸タップ:41915587,丸型ダクト:00_丸タップ,4FL,ROUND,250.0,,,309.125,309.125,0.049087385,0.049080005,0.049080005,0.242786102,0.0,True,0.015038,False,IfcArbitraryClosedProfileDef,IfcIndexedPolyCurve,IFC_GEOMETRY,OK
3OQ3bHcH53dR8eRnVf$DZ9,丸型ダクト:00_丸タップ:41915780,丸型ダクト:00_丸タップ,4FL,ROUND,150.0,,,455.951,455.951,0.017671459,0.017668802,0.017668802,0.214861745,0.0,True,0.015038,False,IfcArbitraryClosedProfileDef,IfcIndexedPolyCurve,IFC_GEOMETRY,OK
3OQ3bHcH53dR8eRnVf$D63,丸型ダクト:00_丸タップ:41917646,丸型ダクト:00_丸タップ,3FL,ROUND,300.0,,,430.0,430.0,0.070685835,0.070675207,0.070675207,0.405265452,0.0,True,0.015038,False,IfcArbitraryClosedProfileDef,IfcIndexedPolyCurve,IFC_GEOMETRY,OK
3OQ3bHcH53dR8eRnVf$D6X,丸型ダクト:00_丸タップ:41917676,丸型ダクト:00_丸タップ,3FL,ROUND,200.0,,,1829.301,1829.301,0.031415927,0.031411203,0.031411203,1.149383782,0.0,True,0.015038,False,IfcArbitraryClosedProfileDef,IfcIndexedPolyCurve,IFC_GEOMETRY,OK
3OQ3bHcH53dR8eRnVf$D1e,丸型ダクト:00_丸タップ:41917733,丸型ダクト:00_丸タップ,3FL,ROUND,200.0,,,429.969,429.969,0.031415927,0.031411203,0.031411203,0.270157392,0.0,True,0.015038,False,IfcArbitraryClosedProfileDef,IfcIndexedPolyCurve,IFC_GEOMETRY,OK
3OQ3bHcH53dR8eRnVf$D08,丸型ダクト:00_丸タップ:41917765,丸型ダクト:00_丸タップ,3FL,ROUND,250.0,,,475.0,475.0,0.049087385,0.049080005,0.049080005,0.373064128,0.0,True,0.015038,False,IfcArbitraryClosedProfileDef,IfcIndexedPolyCurve,IFC_GEOMETRY,OK
3OQ3bHcH53dR8eRnVf$D3v,丸型ダクト:00_丸タップ:41917876,丸型ダクト:00_丸タップ,3FL,ROUND,300.0,,,330.0,330.0,0.070685835,0.070675207,0.070675207,0.311017673,0.0,True,0.015038,False,IfcArbitraryClosedProfileDef,IfcIndexedPolyCurve,IFC_GEOMETRY,OK
3OQ3bHcH53dR8eRnVf$DDa,丸型ダクト:00_丸タップ:41917993,丸型ダクト:00_丸タップ,3FL,ROUND,250.0,,,950.0,950.0,0.049087385,0.049080005,0.049080005,0.746128255,0.0,True,0.015038,False,IfcArbitraryClosedProfileDef,IfcIndexedPolyCurve,IFC_GEOMETRY,OK
3OQ3bHcH53dR8eRnVf$DEH,丸型ダクト:00_丸タップ:41918172,丸型ダクト:00_丸タップ,3FL,ROUND,200.0,,,871.112,871.112,0.031415927,0.031411203,0.031411203,0.547335593,0.0,True,0.015038,False,IfcArbitraryClosedProfileDef,IfcIndexedPolyCurve,IFC_GEOMETRY,OK
3OQ3bHcH53dR8eRnVf$D94,丸型ダクト:00_丸タップ:41918217,丸型ダクト:00_丸タップ,3FL,ROUND,250.0,,,309.969,309.969,0.049087385,0.049080005,0.049080005,0.243448961,0.0,True,0.015038,False,IfcArbitraryClosedProfileDef,IfcIndexedPolyCurve,IFC_GEOMETRY,OK
3OQ3bHcH53dR8eRnVf$D8M,丸型ダクト:00_丸タップ:41918299,丸型ダクト:00_丸タップ,3FL,ROUND,250.0,,,630.031,630.031,0.049087385,0.049080005,0.049080005,0.494825313,0.0,True,0.015038,False,IfcArbitraryClosedProfileDef,IfcIndexedPolyCurve,IFC_GEOMETRY,OK
3OQ3bHcH53dR8eRnVf$D8v,丸型ダクト:00_丸タップ:41918324,丸型ダクト:00_丸タップ,3FL,ROUND,250.0,,,1400.0,1400.0,0.049087385,0.049080005,0.049080005,1.099557429,0.0,True,0.015038,False,IfcArbitraryClosedProfileDef,IfcIndexedPolyCurve,IFC_GEOMETRY,OK
3OQ3bHcH53dR8eRnVf$DA8,丸型ダクト:00_丸タップ:41918405,丸型ダクト:00_丸タップ,3FL,ROUND,250.0,,,681.388,681.388,0.049087385,0.049080005,0.049080005,0.535161157,0.0,True,0.015038,False,IfcArbitraryClosedProfileDef,IfcIndexedPolyCurve,IFC_GEOMETRY,OK
3OQ3bHcH53dR8eRnVf$DAz,丸型ダクト:00_丸タップ:41918448,丸型ダクト:00_丸タップ,3FL,ROUND,250.0,,,871.112,871.112,0.049087385,0.049080005,0.049080005,0.684169492,0.0,True,0.015038,False,IfcArbitraryClosedProfileDef,IfcIndexedPolyCurve,IFC_GEOMETRY,OK
3OQ3bHcH53dR8eRnVf$EqF,丸型ダクト:00_丸タップ:41918530,丸型ダクト:00_丸タップ,3FL,ROUND,250.0,,,3135.302,3135.302,0.049087385,0.049080005,0.049080005,2.462460321,0.0,True,0.015038,False,IfcArbitraryClosedProfileDef,IfcIndexedPolyCurve,IFC_GEOMETRY,OK
3OQ3bHcH53dR8eRnVf$Eqg,丸型ダクト:00_丸タップ:41918567,丸型ダクト:00_丸タップ,3FL,ROUND,300.0,,,264.668,264.668,0.070685835,0.070675207,0.070675207,0.249443474,0.0,True,0.015038,False,IfcArbitraryClosedProfileDef,IfcIndexedPolyCurve,IFC_GEOMETRY,OK
3OQ3bHcH53dR8eRnVf$EnC,丸型ダクト:00_丸タップ:41918721,丸型ダクト:00_丸タップ,3FL,ROUND,200.0,,,970.031,970.031,0.031415927,0.031411203,0.031411203,0.609488551,0.0,True,0.015038,False,IfcArbitraryClosedProfileDef,IfcIndexedPolyCurve,IFC_GEOMETRY,OK
3OQ3bHcH53dR8eRnVf$EmK,丸型ダクト:00_丸タップ:41918809,丸型ダクト:00_丸タップ,3FL,ROUND,200.0,,,510.031,510.031,0.031415927,0.031411203,0.031411203,0.320462027,0.0,True,0.015038,False,IfcArbitraryClosedProfileDef,IfcIndexedPolyCurve,IFC_GEOMETRY,OK
3OQ3bHcH53dR8eRnVf$Epm,丸型ダクト:00_丸タップ:41918909,丸型ダクト:00_丸タップ,3FL,ROUND,250.0,,,824.361,824.361,0.049087385,0.049080005,0.049080005,0.647451249,0.0,True,0.015038,False,IfcArbitraryClosedProfileDef,IfcIndexedPolyCurve,IFC_GEOMETRY,OK
3OQ3bHcH53dR8eRnVf$Ezo,丸型ダクト:00_丸タップ:41919039,丸型ダクト:00_丸タップ,3FL,ROUND,300.0,,,370.0,370.0,0.070685835,0.070675207,0.070675207,0.348716785,0.0,True,0.015038,False,IfcArbitraryClosedProfileDef,IfcIndexedPolyCurve,IFC_GEOMETRY,OK
3OQ3bHcH53dR8eRnVf$EvO,丸型ダクト:00_丸タップ:41919253,丸型ダクト:00_丸タップ,3FL,ROUND,250.0,,,315.492,315.492,0.049087385,0.049080005,0.049080005,0.247786456,0.0,True,0.015038,False,IfcArbitraryClosedProfileDef,IfcIndexedPolyCurve,IFC_GEOMETRY,OK
3OQ3bHcH53dR8eRnVf$ExP,丸型ダクト:00_丸タップ:41919380,丸型ダクト:00_丸タップ,3FL,ROUND,250.0,,,352.363,352.363,0.049087385,0.049080005,0.049080005,0.276745618,0.0,True,0.015038,False,IfcArbitraryClosedProfileDef,IfcIndexedPolyCurve,IFC_GEOMETRY,OK
3OQ3bHcH53dR8eRnVf$Exr,丸型ダクト:00_丸タップ:41919416,丸型ダクト:00_丸タップ,3FL,ROUND,150.0,,,398.978,398.978,0.017671459,0.017668802,0.017668802,0.188014063,0.0,True,0.015038,False,IfcArbitraryClosedProfileDef,IfcIndexedPolyCurve,IFC_GEOMETRY,OK
3OQ3bHcH53dR8eRnVf$Ewx,丸型ダクト:00_丸タップ:41919478,丸型ダクト:00_丸タップ,3FL,ROUND,200.0,,,662.0,662.0,0.031415927,0.031411203,0.031411203,0.415946867,0.0,True,0.015038,False,IfcArbitraryClosedProfileDef,IfcIndexedPolyCurve,IFC_GEOMETRY,OK
3OQ3bHcH53dR8eRnVf$Ebt,丸型ダクト:00_丸タップ:41919546,丸型ダクト:00_丸タップ,3FL,ROUND,200.0,,,195.071,195.071,0.031415927,0.031411203,0.031411203,0.122567034,0.0,True,0.015038,False,IfcArbitraryClosedProfileDef,IfcIndexedPolyCurve,IFC_GEOMETRY,OK
3OQ3bHcH53dR8eRnVf$Ed2,丸型ダクト:00_丸タップ:41919631,丸型ダクト:00_丸タップ,3FL,ROUND,250.0,,,326.625,326.625,0.049087385,0.049080005,0.049080005,0.256530569,0.0,True,0.015038,False,IfcArbitraryClosedProfileDef,IfcIndexedPolyCurve,IFC_GEOMETRY,OK
3OQ3bHcH53dR8eRnVf$Ect,丸型ダクト:00_丸タップ:41919738,丸型ダクト:00_丸タップ,3FL,ROUND,250.0,,,309.125,309.125,0.049087385,0.049080005,0.049080005,0.242786102,0.0,True,0.015038,False,IfcArbitraryClosedProfileDef,IfcIndexedPolyCurve,IFC_GEOMETRY,OK
3OQ3bHcH53dR8eRnVf$EWD,丸型ダクト:00_丸タップ:41919808,丸型ダクト:00_丸タップ,3FL,ROUND,150.0,,,413.623,413.623,0.017671459,0.017668802,0.017668802,0.194915197,0.0,True,0.015038,False,IfcArbitraryClosedProfileDef,IfcIndexedPolyCurve,IFC_GEOMETRY,OK
3OQ3bHcH53dR8eRnVf$EZG,丸型ダクト:00_丸タップ:41919901,丸型ダクト:00_丸タップ,3FL,ROUND,250.0,,,650.0,650.0,0.049087385,0.049080005,0.049080005,0.510508806,0.0,True,0.015038,False,IfcArbitraryClosedProfileDef,IfcIndexedPolyCurve,IFC_GEOMETRY,OK
3OQ3bHcH53dR8eRnVf$Eiz,丸型ダクト:00_丸タップ:41920112,丸型ダクト:00_丸タップ,3FL,ROUND,250.0,,,2871.457,2871.457,0.049087385,0.049080005,0.049080005,2.255236918,0.0,True,0.015038,False,IfcArbitraryClosedProfileDef,IfcIndexedPolyCurve,IFC_GEOMETRY,OK
3OQ3bHcH53dR8eRnVf$ELB,丸型ダクト:00_丸タップ:41920518,丸型ダクト:00_丸タップ,3FL,ROUND,200.0,,,1900.0,1900.0,0.031415927,0.031411203,0.031411203,1.193805208,0.0,True,0.015038,False,IfcArbitraryClosedProfileDef,IfcIndexedPolyCurve,IFC_GEOMETRY,OK
0HDeqWuQ18ZOyXpW2g00$U,丸型ダクト:00_丸タップ:41922603,丸型ダクト:00_丸タップ,2FL,ROUND,250.0,,,330.0,330.0,0.049087385,0.049080005,0.049080005,0.259181394,0.0,True,0.015038,False,IfcArbitraryClosedProfileDef,IfcIndexedPolyCurve,IFC_GEOMETRY,OK
0HDeqWuQ18ZOyXpW2g00$F,丸型ダクト:00_丸タップ:41922618,丸型ダクト:00_丸タップ,2FL,ROUND,250.0,,,1550.0,1550.0,0.049087385,0.049080005,0.049080005,1.217367153,0.0,True,0.015038,False,IfcArbitraryClosedProfileDef,IfcIndexedPolyCurve,IFC_GEOMETRY,OK
0HDeqWuQ18ZOyXpW2g00sM,丸型ダクト:00_丸タップ:41923171,丸型ダクト:00_丸タップ,2FL,ROUND,350.0,,,836.871,836.871,0.096211275,0.096196809,0.096196809,0.920187761,0.0,True,0.015038,False,IfcArbitraryClosedProfileDef,IfcIndexedPolyCurve,IFC_GEOMETRY,OK
0HDeqWuQ18ZOyXpW2g00oV,丸型ダクト:00_丸タップ:41923434,丸型ダクト:00_丸タップ,2FL,ROUND,350.0,,,1620.313,1620.313,0.096211275,0.096196809,0.096196809,1.781627098,0.0,True,0.015038,False,IfcArbitraryClosedProfileDef,IfcIndexedPolyCurve,IFC_GEOMETRY,OK
0HDeqWuQ18ZOyXpW2g00nW,丸型ダクト:00_丸タップ:41923477,丸型ダクト:00_丸タップ,2FL,ROUND,350.0,,,240.849,240.849,0.096211275,0.096196809,0.096196809,0.264827288,0.0,True,0.015038,False,IfcArbitraryClosedProfileDef,IfcIndexedPolyCurve,IFC_GEOMETRY,OK
0HDeqWuQ18ZOyXpW2g00la,丸型ダクト:00_丸タップ:41923601,丸型ダクト:00_丸タップ,2FL,ROUND,250.0,,,850.0,850.0,0.049087385,0.049080005,0.049080005,0.667588439,0.0,True,0.015038,False,IfcArbitraryClosedProfileDef,IfcIndexedPolyCurve,IFC_GEOMETRY,OK
0HDeqWuQ18ZOyXpW2g00kL,丸型ダクト:00_丸タップ:41923680,丸型ダクト:00_丸タップ,2FL,ROUND,300.0,,,730.0,730.0,0.070685835,0.070675207,0.070675207,0.688008791,0.0,True,0.015038,False,IfcArbitraryClosedProfileDef,IfcIndexedPolyCurve,IFC_GEOMETRY,OK
0HDeqWuQ18ZOyXpW2g00ib,丸型ダクト:00_丸タップ:41923792,丸型ダクト:00_丸タップ,2FL,ROUND,300.0,,,330.0,330.0,0.070685835,0.070675207,0.070675207,0.311017673,0.0,True,0.015038,False,IfcArbitraryClosedProfileDef,IfcIndexedPolyCurve,IFC_GEOMETRY,OK
0HDeqWuQ18ZOyXpW2g00i4,丸型ダクト:00_丸タップ:41923825,丸型ダクト:00_丸タップ,2FL,ROUND,300.0,,,2550.0,2550.0,0.070685835,0.070675207,0.070675207,2.40331838,0.0,True,0.015038,False,IfcArbitraryClosedProfileDef,IfcIndexedPolyCurve,IFC_GEOMETRY,OK
0HDeqWuQ18ZOyXpW2g00h1,丸型ダクト:00_丸タップ:41923892,丸型ダクト:00_丸タップ,2FL,ROUND,300.0,,,330.0,330.0,0.070685835,0.070675207,0.070675207,0.311017673,0.0,True,0.015038,False,IfcArbitraryClosedProfileDef,IfcIndexedPolyCurve,IFC_GEOMETRY,OK
0HDeqWuQ18ZOyXpW2g00gH,丸型ダクト:00_丸タップ:41923940,丸型ダクト:00_丸タップ,2FL,ROUND,300.0,,,1550.0,1550.0,0.070685835,0.070675207,0.070675207,1.460840584,0.0,True,0.015038,False,IfcArbitraryClosedProfileDef,IfcIndexedPolyCurve,IFC_GEOMETRY,OK
0HDeqWuQ18ZOyXpW2g00eD,丸型ダクト:00_丸タップ:41924088,丸型ダクト:00_丸タップ,2FL,ROUND,250.0,,,330.0,330.0,0.049087385,0.049080005,0.049080005,0.259181394,0.0,True,0.015038,False,IfcArbitraryClosedProfileDef,IfcIndexedPolyCurve,IFC_GEOMETRY,OK
0HDeqWuQ18ZOyXpW2g00dg,丸型ダクト:00_丸タップ:41924127,丸型ダクト:00_丸タップ,2FL,ROUND,250.0,,,2550.0,2550.0,0.049087385,0.049080005,0.049080005,2.002765317,0.0,True,0.015038,False,IfcArbitraryClosedProfileDef,IfcIndexedPolyCurve,IFC_GEOMETRY,OK
0HDeqWuQ18ZOyXpW2g00a$,丸型ダクト:00_丸タップ:41924298,丸型ダクト:00_丸タップ,2FL,ROUND,150.0,,,1160.0,1160.0,0.017671459,0.017668802,0.017668802,0.546637122,0.0,True,0.015038,False,IfcArbitraryClosedProfileDef,IfcIndexedPolyCurve,IFC_GEOMETRY,OK
0HDeqWuQ18ZOyXpW2g00ZZ,丸型ダクト:00_丸タップ:41924374,丸型ダクト:00_丸タップ,2FL,ROUND,150.0,,,1160.0,1160.0,0.017671459,0.017668802,0.017668802,0.546637122,0.0,True,0.015038,False,IfcArbitraryClosedProfileDef,IfcIndexedPolyCurve,IFC_GEOMETRY,OK
0HDeqWuQ18ZOyXpW2g00Y$,丸型ダクト:00_丸タップ:41924426,丸型ダクト:00_丸タップ,2FL,ROUND,150.0,,,1160.0,1160.0,0.017671459,0.017668802,0.017668802,0.546637122,0.0,True,0.015038,False,IfcArbitraryClosedProfileDef,IfcIndexedPolyCurve,IFC_GEOMETRY,OK
0HDeqWuQ18ZOyXpW2g00Xx,丸型ダクト:00_丸タップ:41924494,丸型ダクト:00_丸タップ,2FL,ROUND,200.0,,,1830.0,1830.0,0.031415927,0.031411203,0.031411203,1.149822911,0.0,True,0.015038,False,IfcArbitraryClosedProfileDef,IfcIndexedPolyCurve,IFC_GEOMETRY,OK
0HDeqWuQ18ZOyXpW2g00VJ,丸型ダクト:00_丸タップ:41924646,丸型ダクト:00_丸タップ,2FL,ROUND,200.0,,,166.43,166.43,0.031415927,0.031411203,0.031411203,0.104571051,0.0,True,0.015038,False,IfcArbitraryClosedProfileDef,IfcIndexedPolyCurve,IFC_GEOMETRY,OK
0HDeqWuQ18ZOyXpW2g00UY,丸型ダクト:00_丸タップ:41924695,丸型ダクト:00_丸タップ,2FL,ROUND,200.0,,,740.41,740.41,0.031415927,0.031411203,0.031411203,0.46521357,0.0,True,0.015038,False,IfcArbitraryClosedProfileDef,IfcIndexedPolyCurve,IFC_GEOMETRY,OK
0HDeqWuQ18ZOyXpW2g00Sb,丸型ダクト:00_丸タップ:41924816,丸型ダクト:00_丸タップ,2FL,ROUND,200.0,,,155.431,155.431,0.031415927,0.031411203,0.031411203,0.097660265,0.0,True,0.015038,False,IfcArbitraryClosedProfileDef,IfcIndexedPolyCurve,IFC_GEOMETRY,OK
0HDeqWuQ18ZOyXpW2g00SP,丸型ダクト:00_丸タップ:41924844,丸型ダクト:00_丸タップ,2FL,ROUND,200.0,,,751.409,751.409,0.031415927,0.031411203,0.031411203,0.472124355,0.0,True,0.015038,False,IfcArbitraryClosedProfileDef,IfcIndexedPolyCurve,IFC_GEOMETRY,OK
0HDeqWuQ18ZOyXpW2g00QP,丸型ダクト:00_丸タップ:41924972,丸型ダクト:00_丸タップ,2FL,ROUND,200.0,,,1178.861,1178.861,0.031415927,0.031411203,0.031411203,0.740699918,0.0,True,0.015038,False,IfcArbitraryClosedProfileDef,IfcIndexedPolyCurve,IFC_GEOMETRY,OK
0HDeqWuQ18ZOyXpW2g00Pt,丸型ダクト:00_丸タップ:41924994,丸型ダクト:00_丸タップ,2FL,ROUND,200.0,,,1178.861,1178.861,0.031415927,0.031411203,0.031411203,0.740699918,0.0,True,0.015038,False,IfcArbitraryClosedProfileDef,IfcIndexedPolyCurve,IFC_GEOMETRY,OK
0HDeqWuQ18ZOyXpW2g00Mp,丸型ダクト:00_丸タップ:41925190,丸型ダクト:00_丸タップ,2FL,ROUND,250.0,,,352.363,352.363,0.049087385,0.049080005,0.049080005,0.276745618,0.0,True,0.015038,False,IfcArbitraryClosedProfileDef,IfcIndexedPolyCurve,IFC_GEOMETRY,OK
0HDeqWuQ18ZOyXpW2g00Lb,丸型ダクト:00_丸タップ:41925264,丸型ダクト:00_丸タップ,2FL,ROUND,150.0,,,398.978,398.978,0.017671459,0.017668802,0.017668802,0.188014063,0.0,True,0.015038,False,IfcArbitraryClosedProfileDef,IfcIndexedPolyCurve,IFC_GEOMETRY,OK
0HDeqWuQ18ZOyXpW2g00KT,丸型ダクト:00_丸タップ:41925352,丸型ダクト:00_丸タップ,2FL,ROUND,150.0,,,413.623,413.623,0.017671459,0.017668802,0.017668802,0.194915197,0.0,True,0.015038,False,IfcArbitraryClosedProfileDef,IfcIndexedPolyCurve,IFC_GEOMETRY,OK
0HDeqWuQ18ZOyXpW2g00Fl,丸型ダクト:00_丸タップ:41925658,丸型ダクト:00_丸タップ,2FL,ROUND,250.0,,,315.492,315.492,0.049087385,0.049080005,0.049080005,0.247786456,0.0,True,0.015038,False,IfcArbitraryClosedProfileDef,IfcIndexedPolyCurve,IFC_GEOMETRY,OK
0HDeqWuQ18ZOyXpW2g00ES,丸型ダクト:00_丸タップ:41925737,丸型ダクト:00_丸タップ,2FL,ROUND,250.0,,,1382.477,1382.477,0.049087385,0.049080005,0.049080005,1.085794807,0.0,True,0.015038,False,IfcArbitraryClosedProfileDef,IfcIndexedPolyCurve,IFC_GEOMETRY,OK
0HDeqWuQ18ZOyXpW2g00DR,丸型ダクト:00_丸タップ:41925806,丸型ダクト:00_丸タップ,2FL,ROUND,250.0,,,500.0,500.0,0.049087385,0.049080005,0.049080005,0.392699082,0.0,True,0.015038,False,IfcArbitraryClosedProfileDef,IfcIndexedPolyCurve,IFC_GEOMETRY,OK
0HDeqWuQ18ZOyXpW2g00CR,丸型ダクト:00_丸タップ:41925870,丸型ダクト:00_丸タップ,2FL,ROUND,200.0,,,222.565,222.565,0.031415927,0.031411203,0.031411203,0.139841826,0.0,True,0.015038,False,IfcArbitraryClosedProfileDef,IfcIndexedPolyCurve,IFC_GEOMETRY,OK
0HDeqWuQ18ZOyXpW2g00B4,丸型ダクト:00_丸タップ:41925937,丸型ダクト:00_丸タップ,2FL,ROUND,200.0,,,687.435,687.435,0.031415927,0.031411203,0.031411203,0.431928037,0.0,True,0.015038,False,IfcArbitraryClosedProfileDef,IfcIndexedPolyCurve,IFC_GEOMETRY,OK
0HDeqWuQ18ZOyXpW2g009t,丸型ダクト:00_丸タップ:41926018,丸型ダクト:00_丸タップ,2FL,ROUND,250.0,,,309.125,309.125,0.049087385,0.049080005,0.049080005,0.242786102,0.0,True,0.015038,False,IfcArbitraryClosedProfileDef,IfcIndexedPolyCurve,IFC_GEOMETRY,OK
0HDeqWuQ18ZOyXpW2g008Y,丸型ダクト:00_丸タップ:41926103,丸型ダクト:00_丸タップ,2FL,ROUND,250.0,,,401.625,401.625,0.049087385,0.049080005,0.049080005,0.315435432,0.0,True,0.015038,False,IfcArbitraryClosedProfileDef,IfcIndexedPolyCurve,IFC_GEOMETRY,OK
0HDeqWuQ18ZOyXpW2g007p,丸型ダクト:00_丸タップ:41926150,丸型ダクト:00_丸タップ,2FL,ROUND,150.0,,,464.363,464.363,0.017671459,0.017668802,0.017668802,0.218825895,0.0,True,0.015038,False,IfcArbitraryClosedProfileDef,IfcIndexedPolyCurve,IFC_GEOMETRY,OK
0HDeqWuQ18ZOyXpW2g005p,丸型ダクト:00_丸タップ:41926278,丸型ダクト:00_丸タップ,2FL,ROUND,200.0,,,580.798,580.798,0.031415927,0.031411203,0.031411203,0.364926033,0.0,True,0.015038,False,IfcArbitraryClosedProfileDef,IfcIndexedPolyCurve,IFC_GEOMETRY,OK
0HDeqWuQ18ZOyXpW2g004p,丸型ダクト:00_丸タップ:41926342,丸型ダクト:00_丸タップ,2FL,ROUND,200.0,,,1145.402,1145.402,0.031415927,0.031411203,0.031411203,0.719677467,0.0,True,0.015038,False,IfcArbitraryClosedProfileDef,IfcIndexedPolyCurve,IFC_GEOMETRY,OK
0HDeqWuQ18ZOyXpW2g004R,丸型ダクト:00_丸タップ:41926382,丸型ダクト:00_丸タップ,2FL,ROUND,200.0,,,1119.0,1119.0,0.031415927,0.031411203,0.031411203,0.703088436,0.0,True,0.015038,False,IfcArbitraryClosedProfileDef,IfcIndexedPolyCurve,IFC_GEOMETRY,OK
0HDeqWuQ18ZOyXpW2g002r,丸型ダクト:00_丸タップ:41926464,丸型ダクト:00_丸タップ,2FL,ROUND,200.0,,,477.495,477.495,0.031415927,0.031411203,0.031411203,0.300018719,0.0,True,0.015038,False,IfcArbitraryClosedProfileDef,IfcIndexedPolyCurve,IFC_GEOMETRY,OK
0HDeqWuQ18ZOyXpW2g000m,丸型ダクト:00_丸タップ:41926597,丸型ダクト:00_丸タップ,2FL,ROUND,200.0,,,3084.105,3084.105,0.031415927,0.031411203,0.031411203,1.937800516,0.0,True,0.015038,False,IfcArbitraryClosedProfileDef,IfcIndexedPolyCurve,IFC_GEOMETRY,OK
0HDeqWuQ18ZOyXpW2g0008,丸型ダクト:00_丸タップ:41926653,丸型ダクト:00_丸タップ,2FL,ROUND,200.0,,,515.876,515.876,0.031415927,0.031411203,0.031411203,0.324134264,0.0,True,0.015038,False,IfcArbitraryClosedProfileDef,IfcIndexedPolyCurve,IFC_GEOMETRY,OK
0HDeqWuQ18ZOyXpW2g07_v,丸型ダクト:00_丸タップ:41926732,丸型ダクト:00_丸タップ,2FL,ROUND,200.0,,,1018.666,1018.666,0.031415927,0.031411203,0.031411203,0.64004702,0.0,True,0.015038,False,IfcArbitraryClosedProfileDef,IfcIndexedPolyCurve,IFC_GEOMETRY,OK
1vqbvpFpX2khByMz8xLLw8,丸型ダクト:00_丸タップ:41928996,丸型ダクト:00_丸タップ,1FL,ROUND,250.0,,,1289.874,1289.874,0.049087385,0.049080005,0.049080005,1.013065047,0.0,True,0.015038,False,IfcArbitraryClosedProfileDef,IfcIndexedPolyCurve,IFC_GEOMETRY,OK
1vqbvpFpX2khByMz8xLLvr,丸型ダクト:00_丸タップ:41929177,丸型ダクト:00_丸タップ,1FL,ROUND,250.0,,,800.0,800.0,0.049087385,0.049080005,0.049080005,0.628318531,0.0,True,0.015038,False,IfcArbitraryClosedProfileDef,IfcIndexedPolyCurve,IFC_GEOMETRY,OK
1vqbvpFpX2khByMz8xLLvP,丸型ダクト:00_丸タップ:41929205,丸型ダクト:00_丸タップ,1FL,ROUND,300.0,,,330.0,330.0,0.070685835,0.070675207,0.070675207,0.311017673,0.0,True,0.015038,False,IfcArbitraryClosedProfileDef,IfcIndexedPolyCurve,IFC_GEOMETRY,OK
1vqbvpFpX2khByMz8xLLtd,丸型ダクト:00_丸タップ:41929291,丸型ダクト:00_丸タップ,1FL,ROUND,300.0,,,330.0,330.0,0.070685835,0.070675207,0.070675207,0.311017673,0.0,True,0.015038,False,IfcArbitraryClosedProfileDef,IfcIndexedPolyCurve,IFC_GEOMETRY,OK
1vqbvpFpX2khByMz8xLLrG,丸型ダクト:00_丸タップ:41929468,丸型ダクト:00_丸タップ,1FL,ROUND,250.0,,,330.0,330.0,0.049087385,0.049080005,0.049080005,0.259181394,0.0,True,0.015038,False,IfcArbitraryClosedProfileDef,IfcIndexedPolyCurve,IFC_GEOMETRY,OK
1vqbvpFpX2khByMz8xLLoP,丸型ダクト:00_丸タップ:41929525,丸型ダクト:00_丸タップ,1FL,ROUND,250.0,,,330.0,330.0,0.049087385,0.049080005,0.049080005,0.259181394,0.0,True,0.015038,False,IfcArbitraryClosedProfileDef,IfcIndexedPolyCurve,IFC_GEOMETRY,OK
1vqbvpFpX2khByMz8xLLlq,角型ダクト:00_角ティー:41929816,角型ダクト:00_角ティー,1FL,RECTANGULAR,,3405.0,400.0,250.0,250.0,1.362,1.362,1.362,1.9025,0.0,True,0.0,True,IfcArbitraryClosedProfileDef,IfcIndexedPolyCurve,IFC_GEOMETRY,OK
1vqbvpFpX2khByMz8xLLjX,丸型ダクト:00_丸タップ:41929933,丸型ダクト:00_丸タップ,1FL,ROUND,200.0,,,343.964,343.964,0.031415927,0.031411203,0.031411203,0.21611896,0.0,True,0.015038,False,IfcArbitraryClosedProfileDef,IfcIndexedPolyCurve,IFC_GEOMETRY,OK
1vqbvpFpX2khByMz8xLLhv,丸型ダクト:00_丸タップ:41930069,丸型ダクト:00_丸タップ,1FL,ROUND,200.0,,,202.813,202.813,0.031415927,0.031411203,0.031411203,0.127431212,0.0,True,0.015038,False,IfcArbitraryClosedProfileDef,IfcIndexedPolyCurve,IFC_GEOMETRY,OK
1vqbvpFpX2khByMz8xLLe_,丸型ダクト:00_丸タップ:41930130,丸型ダクト:00_丸タップ,1FL,ROUND,200.0,,,1310.0,1310.0,0.031415927,0.031411203,0.031411203,0.823097275,0.0,True,0.015038,False,IfcArbitraryClosedProfileDef,IfcIndexedPolyCurve,IFC_GEOMETRY,OK
1vqbvpFpX2khByMz8xLLfo,丸型ダクト:00_丸タップ:41930206,丸型ダクト:00_丸タップ,1FL,ROUND,200.0,,,357.187,357.187,0.031415927,0.031411203,0.031411203,0.224427165,0.0,True,0.015038,False,IfcArbitraryClosedProfileDef,IfcIndexedPolyCurve,IFC_GEOMETRY,OK
1vqbvpFpX2khByMz8xLLdS,丸型ダクト:00_丸タップ:41930352,丸型ダクト:00_丸タップ,1FL,ROUND,250.0,,,390.0,390.0,0.049087385,0.049080005,0.049080005,0.306305284,0.0,True,0.015038,False,IfcArbitraryClosedProfileDef,IfcIndexedPolyCurve,IFC_GEOMETRY,OK
1vqbvpFpX2khByMz8xLLWZ,丸型ダクト:00_丸タップ:41930639,丸型ダクト:00_丸タップ,1FL,ROUND,250.0,,,192.678,192.678,0.049087385,0.049080005,0.049080005,0.151328688,0.0,True,0.015038,False,IfcArbitraryClosedProfileDef,IfcIndexedPolyCurve,IFC_GEOMETRY,OK
1vqbvpFpX2khByMz8xLKUf,丸型ダクト:00_丸タップ:41930757,丸型ダクト:00_丸タップ,1FL,ROUND,250.0,,,1307.141,1307.141,0.049087385,0.049080005,0.049080005,1.026626033,0.0,True,0.015038,False,IfcArbitraryClosedProfileDef,IfcIndexedPolyCurve,IFC_GEOMETRY,OK
1vqbvpFpX2khByMz8xLKVY,丸型ダクト:00_丸タップ:41930830,丸型ダクト:00_丸タップ,1FL,ROUND,200.0,,,316.861,316.861,0.031415927,0.031411203,0.031411203,0.199089592,0.0,True,0.015038,False,IfcArbitraryClosedProfileDef,IfcIndexedPolyCurve,IFC_GEOMETRY,OK
1vqbvpFpX2khByMz8xLKSa,丸型ダクト:00_丸タップ:41930888,丸型ダクト:00_丸タップ,1FL,ROUND,250.0,,,504.361,504.361,0.049087385,0.049080005,0.049080005,0.396123836,0.0,True,0.015038,False,IfcArbitraryClosedProfileDef,IfcIndexedPolyCurve,IFC_GEOMETRY,OK
1vqbvpFpX2khByMz8xLKRs,丸型ダクト:00_丸タップ:41931098,丸型ダクト:00_丸タップ,1FL,ROUND,250.0,,,1600.0,1600.0,0.049087385,0.049080005,0.049080005,1.256637061,0.0,True,0.015038,False,IfcArbitraryClosedProfileDef,IfcIndexedPolyCurve,IFC_GEOMETRY,OK
1vqbvpFpX2khByMz8xLKOB,丸型ダクト:00_丸タップ:41931175,丸型ダクト:00_丸タップ,1FL,ROUND,250.0,,,1230.402,1230.402,0.049087385,0.049080005,0.049080005,0.966355678,0.0,True,0.015038,False,IfcArbitraryClosedProfileDef,IfcIndexedPolyCurve,IFC_GEOMETRY,OK
1vqbvpFpX2khByMz8xLKOR,丸型ダクト:00_丸タップ:41931191,丸型ダクト:00_丸タップ,1FL,ROUND,250.0,,,500.798,500.798,0.049087385,0.049080005,0.049080005,0.393325689,0.0,True,0.015038,False,IfcArbitraryClosedProfileDef,IfcIndexedPolyCurve,IFC_GEOMETRY,OK
1vqbvpFpX2khByMz8xLKNv,丸型ダクト:00_丸タップ:41931349,丸型ダクト:00_丸タップ,1FL,ROUND,250.0,,,1089.0,1089.0,0.049087385,0.049080005,0.049080005,0.8552986,0.0,True,0.015038,False,IfcArbitraryClosedProfileDef,IfcIndexedPolyCurve,IFC_GEOMETRY,OK
1vqbvpFpX2khByMz8xLKKt,丸型ダクト:00_丸タップ:41931419,丸型ダクト:00_丸タップ,1FL,ROUND,200.0,,,343.964,343.964,0.031415927,0.031411203,0.031411203,0.21611896,0.0,True,0.015038,False,IfcArbitraryClosedProfileDef,IfcIndexedPolyCurve,IFC_GEOMETRY,OK
1vqbvpFpX2khByMz8xLKLg,丸型ダクト:00_丸タップ:41931462,丸型ダクト:00_丸タップ,1FL,ROUND,200.0,,,1310.0,1310.0,0.031415927,0.031411203,0.031411203,0.823097275,0.0,True,0.015038,False,IfcArbitraryClosedProfileDef,IfcIndexedPolyCurve,IFC_GEOMETRY,OK
1vqbvpFpX2khByMz8xLKIZ,丸型ダクト:00_丸タップ:41931535,丸型ダクト:00_丸タップ,1FL,ROUND,200.0,,,357.187,357.187,0.031415927,0.031411203,0.031411203,0.224427165,0.0,True,0.015038,False,IfcArbitraryClosedProfileDef,IfcIndexedPolyCurve,IFC_GEOMETRY,OK
1vqbvpFpX2khByMz8xLKJb,丸型ダクト:00_丸タップ:41931593,丸型ダクト:00_丸タップ,1FL,ROUND,200.0,,,202.813,202.813,0.031415927,0.031411203,0.031411203,0.127431212,0.0,True,0.015038,False,IfcArbitraryClosedProfileDef,IfcIndexedPolyCurve,IFC_GEOMETRY,OK
1vqbvpFpX2khByMz8xLKJS,丸型ダクト:00_丸タップ:41931632,丸型ダクト:00_丸タップ,1FL,ROUND,200.0,,,1243.244,1243.244,0.031415927,0.031411203,0.031411203,0.781153523,0.0,True,0.015038,False,IfcArbitraryClosedProfileDef,IfcIndexedPolyCurve,IFC_GEOMETRY,OK
1vqbvpFpX2khByMz8xLKHZ,丸型ダクト:00_丸タップ:41931727,丸型ダクト:00_丸タップ,1FL,ROUND,250.0,,,383.42,383.42,0.049087385,0.049080005,0.049080005,0.301137432,0.0,True,0.015038,False,IfcArbitraryClosedProfileDef,IfcIndexedPolyCurve,IFC_GEOMETRY,OK
1vqbvpFpX2khByMz8xLKEr,丸型ダクト:00_丸タップ:41931801,丸型ダクト:00_丸タップ,1FL,ROUND,200.0,,,407.91,407.91,0.031415927,0.031411203,0.031411203,0.25629734,0.0,True,0.015038,False,IfcArbitraryClosedProfileDef,IfcIndexedPolyCurve,IFC_GEOMETRY,OK
1vqbvpFpX2khByMz8xLKF6,丸型ダクト:00_丸タップ:41931882,丸型ダクト:00_丸タップ,1FL,ROUND,150.0,,,407.91,407.91,0.017671459,0.017668802,0.017668802,0.192223005,0.0,True,0.015038,False,IfcArbitraryClosedProfileDef,IfcIndexedPolyCurve,IFC_GEOMETRY,OK
1vqbvpFpX2khByMz8xLKAr,丸型ダクト:00_丸タップ:41932057,丸型ダクト:00_丸タップ,1FL,ROUND,150.0,,,284.92,284.92,0.017671459,0.017668802,0.017668802,0.13426517,0.0,True,0.015038,False,IfcArbitraryClosedProfileDef,IfcIndexedPolyCurve,IFC_GEOMETRY,OK
1vqbvpFpX2khByMz8xLK87,丸型ダクト:00_丸タップ:41932203,丸型ダクト:00_丸タップ,1FL,ROUND,150.0,,,7780.08,7780.08,0.017671459,0.017668802,0.017668802,3.666276543,0.0,True,0.015038,False,IfcArbitraryClosedProfileDef,IfcIndexedPolyCurve,IFC_GEOMETRY,OK
1vqbvpFpX2khByMz8xLK6T,丸型ダクト:00_丸タップ:41932337,丸型ダクト:00_丸タップ,1FL,ROUND,200.0,,,338.5,338.5,0.031415927,0.031411203,0.031411203,0.212685823,0.0,True,0.015038,False,IfcArbitraryClosedProfileDef,IfcIndexedPolyCurve,IFC_GEOMETRY,OK
1vqbvpFpX2khByMz8xLK2y,丸型ダクト:00_丸タップ:41932560,丸型ダクト:00_丸タップ,1FL,ROUND,200.0,,,7767.0,7767.0,0.031415927,0.031411203,0.031411203,4.880150028,0.0,True,0.015038,False,IfcArbitraryClosedProfileDef,IfcIndexedPolyCurve,IFC_GEOMETRY,OK
1vqbvpFpX2khByMz8xLK3y,丸型ダクト:00_丸タップ:41932624,丸型ダクト:00_丸タップ,1FL,ROUND,150.0,,,258.268,258.268,0.017671459,0.017668802,0.017668802,0.121705912,0.0,True,0.015038,False,IfcArbitraryClosedProfileDef,IfcIndexedPolyCurve,IFC_GEOMETRY,OK
1vqbvpFpX2khByMz8xLK0A,丸型ダクト:00_丸タップ:41932710,丸型ダクト:00_丸タップ,1FL,ROUND,200.0,,,255.599,255.599,0.031415927,0.031411203,0.031411203,0.160597669,0.0,True,0.015038,False,IfcArbitraryClosedProfileDef,IfcIndexedPolyCurve,IFC_GEOMETRY,OK
1vqbvpFpX2khByMz8xLK16,丸型ダクト:00_丸タップ:41932778,丸型ダクト:00_丸タップ,1FL,ROUND,200.0,,,1644.0,1644.0,0.031415927,0.031411203,0.031411203,1.032955665,0.0,True,0.015038,False,IfcArbitraryClosedProfileDef,IfcIndexedPolyCurve,IFC_GEOMETRY,OK
1vqbvpFpX2khByMz8xLK_O,丸型ダクト:00_丸タップ:41932852,丸型ダクト:00_丸タップ,1FL,ROUND,150.0,,,1958.0,1958.0,0.017671459,0.017668802,0.017668802,0.922685762,0.0,True,0.015038,False,IfcArbitraryClosedProfileDef,IfcIndexedPolyCurve,IFC_GEOMETRY,OK
32$l3HRXrC8Q7t_pyjDeYl,丸型ダクト:00_丸タップ:42116691,丸型ダクト:00_丸タップ,2FL,ROUND,250.0,,,155.0,155.0,0.049087385,0.049080005,0.049080005,0.121736715,0.0,True,0.015038,False,IfcArbitraryClosedProfileDef,IfcIndexedPolyCurve,IFC_GEOMETRY,OK
32$l3HRXrC8Q7t_pyjDeYe,丸型ダクト:00_丸タップ:42116692,丸型ダクト:00_丸タップ,2FL,ROUND,200.0,,,721.081,721.081,0.031415927,0.031411203,0.031411203,0.453068468,0.0,True,0.015038,False,IfcArbitraryClosedProfileDef,IfcIndexedPolyCurve,IFC_GEOMETRY,OK
32$l3HRXrC8Q7t_pyjDeYf,丸型ダクト:00_丸タップ:42116693,丸型ダクト:00_丸タップ,2FL,ROUND,150.0,,,115.0,115.0,0.017671459,0.017668802,0.017668802,0.054192473,0.0,True,0.015038,False,IfcArbitraryClosedProfileDef,IfcIndexedPolyCurve,IFC_GEOMETRY,OK
32$l3HRXrC8Q7t_pyjDeYg,丸型ダクト:00_丸タップ:42116694,丸型ダクト:00_丸タップ,2FL,ROUND,200.0,,,155.0,155.0,0.031415927,0.031411203,0.031411203,0.097389372,0.0,True,0.015038,False,IfcArbitraryClosedProfileDef,IfcIndexedPolyCurve,IFC_GEOMETRY,OK
32$l3HRXrC8Q7t_pyjDeYa,丸型ダクト:00_丸タップ:42116696,丸型ダクト:00_丸タップ,2FL,ROUND,250.0,,,352.363,352.363,0.049087385,0.049080005,0.049080005,0.276745618,0.0,True,0.015038,False,IfcArbitraryClosedProfileDef,IfcIndexedPolyCurve,IFC_GEOMETRY,OK
32$l3HRXrC8Q7t_pyjDeYc,丸型ダクト:00_丸タップ:42116698,丸型ダクト:00_丸タップ,2FL,ROUND,250.0,,,146.738,146.738,0.049087385,0.049080005,0.049080005,0.115247951,0.0,True,0.015038,False,IfcArbitraryClosedProfileDef,IfcIndexedPolyCurve,IFC_GEOMETRY,OK
32$l3HRXrC8Q7t_pyjDeYd,丸型ダクト:00_丸タップ:42116699,丸型ダクト:00_丸タップ,2FL,ROUND,250.0,,,848.528,848.528,0.049087385,0.049080005,0.049080005,0.666432441,0.0,True,0.015038,False,IfcArbitraryClosedProfileDef,IfcIndexedPolyCurve,IFC_GEOMETRY,OK
32$l3HRXrC8Q7t_pyjDeYX,丸型ダクト:00_丸タップ:42116701,丸型ダクト:00_丸タップ,2FL,ROUND,250.0,,,2340.9,2340.9,0.049087385,0.049080005,0.049080005,1.838538561,0.0,True,0.015038,False,IfcArbitraryClosedProfileDef,IfcIndexedPolyCurve,IFC_GEOMETRY,OK
32$l3HRXrC8Q7t_pyjDeYY,丸型ダクト:00_丸タップ:42116702,丸型ダクト:00_丸タップ,2FL,ROUND,250.0,,,155.0,155.0,0.049087385,0.049080005,0.049080005,0.121736715,0.0,True,0.015038,False,IfcArbitraryClosedProfileDef,IfcIndexedPolyCurve,IFC_GEOMETRY,OK
32$l3HRXrC8Q7t_pyjDeYZ,丸型ダクト:00_丸タップ:42116703,丸型ダクト:00_丸タップ,2FL,ROUND,250.0,,,6205.044,6205.044,0.049087385,0.049080005,0.049080005,4.873429857,0.0,True,0.015038,False,IfcArbitraryClosedProfileDef,IfcIndexedPolyCurve,IFC_GEOMETRY,OK
32$l3HRXrC8Q7t_pyjDeWu,丸型ダクト:00_丸タップ:42116804,丸型ダクト:00_丸タップ,2FL,ROUND,200.0,,,2269.259,2269.259,0.031415927,0.031411203,0.031411203,1.425817763,0.0,True,0.015038,False,IfcArbitraryClosedProfileDef,IfcIndexedPolyCurve,IFC_GEOMETRY,OK
32$l3HRXrC8Q7t_pyjDeWw,丸型ダクト:00_丸タップ:42116806,丸型ダクト:00_丸タップ,2FL,ROUND,200.0,,,155.0,155.0,0.031415927,0.031411203,0.031411203,0.097389372,0.0,True,0.015038,False,IfcArbitraryClosedProfileDef,IfcIndexedPolyCurve,IFC_GEOMETRY,OK
32$l3HRXrC8Q7t_pyjDeW2,角型ダクト:00_角タップ:42116862,角型ダクト:00_角タップ,4FL,RECTANGULAR,,5928.147,400.0,250.0,250.0,2.371258909,2.371258909,2.371258909,3.164073636,0.0,True,0.0,True,IfcArbitraryClosedProfileDef,IfcIndexedPolyCurve,IFC_GEOMETRY,OK
32$l3HRXrC8Q7t_pyjDedz,角型ダクト:00_角タップ:42116865,角型ダクト:00_角タップ,4FL,RECTANGULAR,,800.0,400.0,250.0,250.0,0.32,0.32,0.32,0.6,0.0,True,0.0,True,IfcArbitraryClosedProfileDef,IfcIndexedPolyCurve,IFC_GEOMETRY,OK
32$l3HRXrC8Q7t_pyjDed_,角型ダクト:00_角タップ:42116866,角型ダクト:00_角タップ,4FL,RECTANGULAR,,400.0,136.25,250.0,250.0,0.0545,0.0545,0.0545,0.268125,0.0,True,0.0,True,IfcArbitraryClosedProfileDef,IfcIndexedPolyCurve,IFC_GEOMETRY,OK
32$l3HRXrC8Q7t_pyjDebf,丸型ダクト:00_丸タップ:42117013,丸型ダクト:00_丸タップ,1FL,ROUND,200.0,,,310.713,310.713,0.031415927,0.031411203,0.031411203,0.195226962,0.0,True,0.015038,False,IfcArbitraryClosedProfileDef,IfcIndexedPolyCurve,IFC_GEOMETRY,OK
32$l3HRXrC8Q7t_pyjDebg,丸型ダクト:00_丸タップ:42117014,丸型ダクト:00_丸タップ,1FL,ROUND,250.0,,,277.207,277.207,0.049087385,0.049080005,0.049080005,0.2177178,0.0,True,0.015038,False,IfcArbitraryClosedProfileDef,IfcIndexedPolyCurve,IFC_GEOMETRY,OK
32$l3HRXrC8Q7t_pyjDebh,丸型ダクト:00_丸タップ:42117015,丸型ダクト:00_丸タップ,1FL,ROUND,200.0,,,792.777,792.777,0.031415927,0.031411203,0.031411203,0.498116762,0.0,True,0.015038,False,IfcArbitraryClosedProfileDef,IfcIndexedPolyCurve,IFC_GEOMETRY,OK
32$l3HRXrC8Q7t_pyjDeba,丸型ダクト:00_丸タップ:42117016,丸型ダクト:00_丸タップ,1FL,ROUND,200.0,,,420.29,420.29,0.031415927,0.031411203,0.031411203,0.264075966,0.0,True,0.015038,False,IfcArbitraryClosedProfileDef,IfcIndexedPolyCurve,IFC_GEOMETRY,OK
32$l3HRXrC8Q7t_pyjDebb,丸型ダクト:00_丸タップ:42117017,丸型ダクト:00_丸タップ,1FL,ROUND,150.0,,,96.425,96.425,0.017671459,0.017668802,0.017668802,0.045439071,0.0,True,0.015038,False,IfcArbitraryClosedProfileDef,IfcIndexedPolyCurve,IFC_GEOMETRY,OK
32$l3HRXrC8Q7t_pyjDebc,丸型ダクト:00_丸タップ:42117018,丸型ダクト:00_丸タップ,1FL,ROUND,150.0,,,314.645,314.645,0.017671459,0.017668802,0.017668802,0.148272803,0.0,True,0.015038,False,IfcArbitraryClosedProfileDef,IfcIndexedPolyCurve,IFC_GEOMETRY,OK
32$l3HRXrC8Q7t_pyjDebd,丸型ダクト:00_丸タップ:42117019,丸型ダクト:00_丸タップ,1FL,ROUND,250.0,,,1431.349,1431.349,0.049087385,0.049080005,0.049080005,1.124179225,0.0,True,0.015038,False,IfcArbitraryClosedProfileDef,IfcIndexedPolyCurve,IFC_GEOMETRY,OK
32$l3HRXrC8Q7t_pyjDebW,丸型ダクト:00_丸タップ:42117020,丸型ダクト:00_丸タップ,1FL,ROUND,250.0,,,402.0,402.0,0.049087385,0.049080005,0.049080005,0.315730062,0.0,True,0.015038,False,IfcArbitraryClosedProfileDef,IfcIndexedPolyCurve,IFC_GEOMETRY,OK
32$l3HRXrC8Q7t_pyjDebX,丸型ダクト:00_丸タップ:42117021,丸型ダクト:00_丸タップ,1FL,ROUND,250.0,,,1079.738,1079.738,0.049087385,0.049080005,0.049080005,0.848024273,0.0,True,0.015038,False,IfcArbitraryClosedProfileDef,IfcIndexedPolyCurve,IFC_GEOMETRY,OK
32$l3HRXrC8Q7t_pyjDebY,丸型ダクト:00_丸タップ:42117022,丸型ダクト:00_丸タップ,1FL,ROUND,250.0,,,772.0,772.0,0.049087385,0.049080005,0.049080005,0.606327382,0.0,True,0.015038,False,IfcArbitraryClosedProfileDef,IfcIndexedPolyCurve,IFC_GEOMETRY,OK
32$l3HRXrC8Q7t_pyjDebZ,丸型ダクト:00_丸タップ:42117023,丸型ダクト:00_丸タップ,1FL,ROUND,250.0,,,900.817,900.817,0.049087385,0.049080005,0.049080005,0.707500378,0.0,True,0.015038,False,IfcArbitraryClosedProfileDef,IfcIndexedPolyCurve,IFC_GEOMETRY,OK
32$l3HRXrC8Q7t_pyjDebS,丸型ダクト:00_丸タップ:42117024,丸型ダクト:00_丸タップ,1FL,ROUND,250.0,,,579.347,579.347,0.049087385,0.049080005,0.049080005,0.455017763,0.0,True,0.015038,False,IfcArbitraryClosedProfileDef,IfcIndexedPolyCurve,IFC_GEOMETRY,OK
32$l3HRXrC8Q7t_pyjDebU,丸型ダクト:00_丸タップ:42117026,丸型ダクト:00_丸タップ,1FL,ROUND,250.0,,,113.561,113.561,0.049087385,0.049080005,0.049080005,0.089190454,0.0,True,0.015038,False,IfcArbitraryClosedProfileDef,IfcIndexedPolyCurve,IFC_GEOMETRY,OK
32$l3HRXrC8Q7t_pyjDebO,丸型ダクト:00_丸タップ:42117028,丸型ダクト:00_丸タップ,1FL,ROUND,250.0,,,3527.551,3527.551,0.049087385,0.049080005,0.049080005,2.77053243,0.0,True,0.015038,False,IfcArbitraryClosedProfileDef,IfcIndexedPolyCurve,IFC_GEOMETRY,OK
32$l3HRXrC8Q7t_pyjDeRR,角型ダクト:00_角タップ:42117159,角型ダクト:00_角タップ,3FL,RECTANGULAR,,5928.147,400.0,250.0,250.0,2.371258909,2.371258909,2.371258909,3.164073636,0.0,True,0.0,True,IfcArbitraryClosedProfileDef,IfcIndexedPolyCurve,IFC_GEOMETRY,OK
32$l3HRXrC8Q7t_pyjDeRM,角型ダクト:00_角タップ:42117162,角型ダクト:00_角タップ,3FL,RECTANGULAR,,800.0,400.0,250.0,250.0,0.32,0.32,0.32,0.6,0.0,True,0.0,True,IfcArbitraryClosedProfileDef,IfcIndexedPolyCurve,IFC_GEOMETRY,OK
32$l3HRXrC8Q7t_pyjDeRH,角型ダクト:00_角タップ:42117165,角型ダクト:00_角タップ,3FL,RECTANGULAR,,1933.807,400.0,250.0,250.0,0.773522702,0.773522702,0.773522702,1.166903377,0.0,True,0.0,True,IfcArbitraryClosedProfileDef,IfcIndexedPolyCurve,IFC_GEOMETRY,OK
3dfbJBIE1FcPjBlLBxKsUK,角型ダクト:00_角ティー:42715500,角型ダクト:00_角ティー,2FL,RECTANGULAR,,2445.0,500.0,200.0,200.0,1.2225,1.2225,1.2225,1.178,0.0,True,0.0,True,IfcArbitraryClosedProfileDef,IfcIndexedPolyCurve,IFC_GEOMETRY,OK
3dfbJBIE1FcPjBlLBxKsUL,角型ダクト:00_角ティー:42715501,角型ダクト:00_角ティー,2FL,RECTANGULAR,,500.0,285.0,200.0,200.0,0.1425,0.1425,0.1425,0.314,0.0,True,0.0,True,IfcArbitraryClosedProfileDef,IfcIndexedPolyCurve,IFC_GEOMETRY,OK
1lABJjuWX2F9imyqgxo1Fy,角型ダクト:00_角タップ:42855267,角型ダクト:00_角タップ,1FL,RECTANGULAR,,750.0,129.5,400.0,400.0,0.097125,0.097125,0.097125,0.7036,0.0,True,0.0,True,IfcArbitraryClosedProfileDef,IfcIndexedPolyCurve,IFC_GEOMETRY,OK
3RU_7xg4vDwwReaJ7fHSTA,角型ダクト:00_角タップ:43024759,角型ダクト:00_角タップ,3FL,RECTANGULAR,,1689.0,400.0,300.0,300.0,0.6756,0.6756,0.6756,1.2534,0.0,True,0.0,True,IfcArbitraryClosedProfileDef,IfcIndexedPolyCurve,IFC_GEOMETRY,OK
3RU_7xg4vDwwReaJ7fHSIF,角型ダクト:00_角タップ:43025074,角型ダクト:00_角タップ,2FL,RECTANGULAR,,1689.0,400.0,300.0,300.0,0.6756,0.6756,0.6756,1.2534,0.0,True,0.0,True,IfcArbitraryClosedProfileDef,IfcIndexedPolyCurve,IFC_GEOMETRY,OK
3IogOOsIT71Q2qPUXO1gO_,角型ダクト:00_角ティー:43123882,角型ダクト:00_角ティー,2FL,RECTANGULAR,,1773.013,500.0,200.0,200.0,0.886506357,0.886506357,0.886506357,0.909205085,0.0,True,0.0,True,IfcArbitraryClosedProfileDef,IfcIndexedPolyCurve,IFC_GEOMETRY,OK
3IogOOsIT71Q2qPUXO1gUU,丸型ダクト:00_丸タップ:43123978,丸型ダクト:00_丸タップ,2FL,ROUND,350.0,,,2748.754,2748.754,0.096211275,0.096196809,0.096196809,3.022413114,0.0,True,0.015038,False,IfcArbitraryClosedProfileDef,IfcIndexedPolyCurve,IFC_GEOMETRY,OK
2zf1MldDP45hdCiIerzhKq,角型ダクト:00_角タップ:43183977,角型ダクト:00_角タップ,1FL,RECTANGULAR,,750.0,723.629,400.0,400.0,0.542721863,0.542721863,0.542721863,1.17890332,0.0,True,0.0,True,IfcArbitraryClosedProfileDef,IfcIndexedPolyCurve,IFC_GEOMETRY,OK
2zf1MldDP45hdCiIerzgpp,角型ダクト:00_角ティー:43185838,角型ダクト:00_角ティー,1FL,RECTANGULAR,,350.0,140.0,250.0,250.0,0.049,0.049,0.049,0.245,0.0,True,0.0,True,IfcArbitraryClosedProfileDef,IfcIndexedPolyCurve,IFC_GEOMETRY,OK
2zf1MldDP45hdCiIerzgAN,角型ダクト:00_角タップ:43186378,角型ダクト:00_角タップ,1FL,RECTANGULAR,,825.948,600.0,400.0,400.0,0.495568602,0.495568602,0.495568602,1.140758136,0.0,True,0.0,True,IfcArbitraryClosedProfileDef,IfcIndexedPolyCurve,IFC_GEOMETRY,OK
2zf1MldDP45hdCiIerzgFm,角型ダクト:00_角ティー:43186605,角型ダクト:00_角ティー,1FL,RECTANGULAR,,1270.921,350.0,250.0,250.0,0.444822376,0.444822376,0.444822376,0.810460537,0.0,True,0.0,True,IfcArbitraryClosedProfileDef,IfcIndexedPolyCurve,IFC_GEOMETRY,OK
2zf1MldDP45hdCiIerzgEa,角型ダクト:00_角ティー:43186681,角型ダクト:00_角ティー,1FL,RECTANGULAR,,12880.0,350.0,250.0,250.0,4.508,4.508,4.508,6.615,0.0,True,0.0,True,IfcArbitraryClosedProfileDef,IfcIndexedPolyCurve,IFC_GEOMETRY,OK
2mFEKzPGjCO8ON_7p$kvMP,角型ダクト:00_角タップ:43189735,角型ダクト:00_角タップ,1FL,RECTANGULAR,,400.0,269.67,600.0,600.0,0.107867966,0.107867966,0.107867966,0.803603897,0.0,True,0.0,True,IfcArbitraryClosedProfileDef,IfcIndexedPolyCurve,IFC_GEOMETRY,OK
0NirGWYS1FNwj3lq$5Q5kB,角型ダクト:00_角ティー:43191357,角型ダクト:00_角ティー,1FL,RECTANGULAR,,400.0,209.221,300.0,300.0,0.083688592,0.083688592,0.083688592,0.365532888,0.0,True,0.0,True,IfcArbitraryClosedProfileDef,IfcIndexedPolyCurve,IFC_GEOMETRY,OK
0NirGWYS1FNwj3lq$5Q5fp,角型ダクト:00_角タップ:43191749,角型ダクト:00_角タップ,1FL,RECTANGULAR,,1209.5,400.0,300.0,300.0,0.4838,0.4838,0.4838,0.9657,0.0,True,0.0,True,IfcArbitraryClosedProfileDef,IfcIndexedPolyCurve,IFC_GEOMETRY,OK
0NirGWYS1FNwj3lq$5Q5fw,角型ダクト:00_角タップ:43191756,角型ダクト:00_角タップ,1FL,RECTANGULAR,,400.0,152.275,300.0,300.0,0.060910179,0.060910179,0.060910179,0.331365269,0.0,True,0.0,True,IfcArbitraryClosedProfileDef,IfcIndexedPolyCurve,IFC_GEOMETRY,OK
0NirGWYS1FNwj3lq$5Q5ck,角型ダクト:00_角タップ:43191832,角型ダクト:00_角タップ,1FL,RECTANGULAR,,300.0,177.108,400.0,400.0,0.053132387,0.053132387,0.053132387,0.381686365,0.0,True,0.0,True,IfcArbitraryClosedProfileDef,IfcIndexedPolyCurve,IFC_GEOMETRY,OK
0NirGWYS1FNwj3lq$5Q4LE,角型ダクト:00_角タップ:43193080,角型ダクト:00_角タップ,1FL,RECTANGULAR,,400.0,128.249,750.0,750.0,0.051299423,0.051299423,0.051299423,0.792372837,0.0,True,0.0,True,IfcArbitraryClosedProfileDef,IfcIndexedPolyCurve,IFC_GEOMETRY,OK
0NirGWYS1FNwj3lq$5Q4Ix,角型ダクト:00_角タップ:43193101,角型ダクト:00_角タップ,1FL,RECTANGULAR,,2199.415,750.0,400.0,400.0,1.649561148,1.649561148,1.649561148,2.359531891,0.0,True,0.0,True,IfcArbitraryClosedProfileDef,IfcIndexedPolyCurve,IFC_GEOMETRY,OK
3XjXkjMnnEpBk345QuY_bg,角型ダクト:00_角タップ:43197233,角型ダクト:00_角タップ,3FL,RECTANGULAR,,300.0,269.67,400.0,400.0,0.080900974,0.080900974,0.080900974,0.455735931,0.0,True,0.0,True,IfcArbitraryClosedProfileDef,IfcIndexedPolyCurve,IFC_GEOMETRY,OK
3XjXkjMnnEpBk345QuY_BQ,角型ダクト:00_角ティー:43198593,角型ダクト:00_角ティー,3FL,RECTANGULAR,,3762.844,350.0,250.0,250.0,1.316995573,1.316995573,1.316995573,2.056422247,0.0,True,0.0,True,IfcArbitraryClosedProfileDef,IfcIndexedPolyCurve,IFC_GEOMETRY,OK
3XjXkjMnnEpBk345QuY_Bz,角型ダクト:00_角タップ:43198630,角型ダクト:00_角タップ,3FL,RECTANGULAR,,550.0,110.051,750.0,750.0,0.060527778,0.060527778,0.060527778,0.99007576,0.0,True,0.0,True,IfcArbitraryClosedProfileDef,IfcIndexedPolyCurve,IFC_GEOMETRY,OK
2UaIp6dDv6EOpl1N91Ljnv,角型ダクト:00_角ティー:43204097,角型ダクト:00_角ティー,3FL,RECTANGULAR,,400.0,239.703,300.0,300.0,0.095881198,0.095881198,0.095881198,0.383821798,0.0,True,0.0,True,IfcArbitraryClosedProfileDef,IfcIndexedPolyCurve,IFC_GEOMETRY,OK
2UaIp6dDv6EOpl1N91Ljmn,角型ダクト:00_角ティー:43204169,角型ダクト:00_角ティー,3FL,RECTANGULAR,,300.0,246.447,400.0,400.0,0.073933983,0.073933983,0.073933983,0.437157288,0.0,True,0.0,True,IfcArbitraryClosedProfileDef,IfcIndexedPolyCurve,IFC_GEOMETRY,OK
2UaIp6dDv6EOpl1N91LjmT,角型ダクト:00_角タップ:43204197,角型ダクト:00_角タップ,3FL,RECTANGULAR,,400.0,96.735,300.0,300.0,0.038694105,0.038694105,0.038694105,0.298041157,0.0,True,0.0,True,IfcArbitraryClosedProfileDef,IfcIndexedPolyCurve,IFC_GEOMETRY,OK
2UaIp6dDv6EOpl1N91LgNQ,角型ダクト:00_角タップ:43206562,角型ダクト:00_角タップ,3FL,RECTANGULAR,,2177.26,550.0,400.0,400.0,1.197492764,1.197492764,1.197492764,2.181807657,0.0,True,0.0,True,IfcArbitraryClosedProfileDef,IfcIndexedPolyCurve,IFC_GEOMETRY,OK
2UaIp6dDv6EOpl1N91Lghk,角型ダクト:00_角タップ:43206806,角型ダクト:00_角タップ,3FL,RECTANGULAR,,400.0,269.67,550.0,550.0,0.107867966,0.107867966,0.107867966,0.736636906,0.0,True,0.0,True,IfcArbitraryClosedProfileDef,IfcIndexedPolyCurve,IFC_GEOMETRY,OK
3NYwIWM0XAbQJBnZuCLfsL,角型ダクト:00_角タップ:43207846,角型ダクト:00_角タップ,2FL,RECTANGULAR,,2008.088,500.0,400.0,400.0,1.004043829,1.004043829,1.004043829,2.006470126,0.0,True,0.0,True,IfcArbitraryClosedProfileDef,IfcIndexedPolyCurve,IFC_GEOMETRY,OK
0sD6gGgJHD_847YY0hHYHr,角型ダクト:00_角ティー:43210637,角型ダクト:00_角ティー,2FL,RECTANGULAR,,1280.24,350.0,250.0,250.0,0.448083965,0.448083965,0.448083965,0.81511995,0.0,True,0.0,True,IfcArbitraryClosedProfileDef,IfcIndexedPolyCurve,IFC_GEOMETRY,OK
0sD6gGgJHD_847YY0hHYHL,角型ダクト:00_角タップ:43210669,角型ダクト:00_角タップ,2FL,RECTANGULAR,,400.0,269.67,500.0,500.0,0.107867966,0.107867966,0.107867966,0.669669914,0.0,True,0.0,True,IfcArbitraryClosedProfileDef,IfcIndexedPolyCurve,IFC_GEOMETRY,OK
0sD6gGgJHD_847YY0hHYGr,角型ダクト:00_角タップ:43210701,角型ダクト:00_角タップ,2FL,RECTANGULAR,,2241.489,500.0,400.0,400.0,1.120744571,1.120744571,1.120744571,2.193191314,0.0,True,0.0,True,IfcArbitraryClosedProfileDef,IfcIndexedPolyCurve,IFC_GEOMETRY,OK
1N3MHWUTDECgqwSxGU_qde,角型ダクト:00_角タップ:43212052,角型ダクト:00_角タップ,2FL,RECTANGULAR,,400.0,269.67,500.0,500.0,0.107867966,0.107867966,0.107867966,0.669669914,0.0,True,0.0,True,IfcArbitraryClosedProfileDef,IfcIndexedPolyCurve,IFC_GEOMETRY,OK
1N3MHWUTDECgqwSxGU_tQ9,角型ダクト:00_角タップ:43213429,角型ダクト:00_角タップ,2FL,RECTANGULAR,,350.0,250.0,464.645,464.645,0.0875,0.0875,0.0875,0.557573593,0.0,True,0.0,True,IfcArbitraryClosedProfileDef,IfcIndexedPolyCurve,IFC_GEOMETRY,OK
1N3MHWUTDECgqwSxGU_tPe,角型ダクト:00_角タップ:43213460,角型ダクト:00_角タップ,2FL,RECTANGULAR,,350.0,250.0,464.645,464.645,0.0875,0.0875,0.0875,0.557573593,0.0,True,0.0,True,IfcArbitraryClosedProfileDef,IfcIndexedPolyCurve,IFC_GEOMETRY,OK
0JRFd3$qv8AhsNu8fCCY_j,角型ダクト:00_角タップ:43214497,角型ダクト:00_角タップ,2FL,RECTANGULAR,,323.223,250.0,350.0,350.0,0.080805826,0.080805826,0.080805826,0.401256313,0.0,True,0.0,True,IfcArbitraryClosedProfileDef,IfcIndexedPolyCurve,IFC_GEOMETRY,OK
0JRFd3$qv8AhsNu8fCCYvt,角型ダクト:00_角ティー:43214715,角型ダクト:00_角ティー,2FL,RECTANGULAR,,1520.06,250.0,250.0,250.0,0.380015091,0.380015091,0.380015091,0.885030183,0.0,True,0.0,True,IfcArbitraryClosedProfileDef,IfcIndexedPolyCurve,IFC_GEOMETRY,OK
0JRFd3$qv8AhsNu8fCCYwC,角型ダクト:00_角ティー:43214720,角型ダクト:00_角ティー,2FL,RECTANGULAR,,2460.142,250.0,250.0,250.0,0.615035525,0.615035525,0.615035525,1.355071051,0.0,True,0.0,True,IfcArbitraryClosedProfileDef,IfcIndexedPolyCurve,IFC_GEOMETRY,OK
0JRFd3$qv8AhsNu8fCCY9Y,角型ダクト:00_角ティー:43215726,角型ダクト:00_角ティー,2FL,RECTANGULAR,,400.0,250.808,300.0,300.0,0.100323108,0.100323108,0.100323108,0.390484662,0.0,True,0.0,True,IfcArbitraryClosedProfileDef,IfcIndexedPolyCurve,IFC_GEOMETRY,OK
0JRFd3$qv8AhsNu8fCCYAg,角型ダクト:00_角タップ:43215782,角型ダクト:00_角タップ,2FL,RECTANGULAR,,400.0,85.63,300.0,300.0,0.034252195,0.034252195,0.034252195,0.291378293,0.0,True,0.0,True,IfcArbitraryClosedProfileDef,IfcIndexedPolyCurve,IFC_GEOMETRY,OK
0JRFd3$qv8AhsNu8fCCYBS,角型ダクト:00_角タップ:43215824,角型ダクト:00_角タップ,2FL,RECTANGULAR,,300.0,246.447,400.0,400.0,0.073933983,0.073933983,0.073933983,0.437157288,0.0,True,0.0,True,IfcArbitraryClosedProfileDef,IfcIndexedPolyCurve,IFC_GEOMETRY,OK
0JRFd3$qv8AhsNu8fCCYLu,角型ダクト:00_角タップ:43215988,角型ダクト:00_角タップ,2FL,RECTANGULAR,,323.223,250.0,350.0,350.0,0.080805826,0.080805826,0.080805826,0.401256313,0.0,True,0.0,True,IfcArbitraryClosedProfileDef,IfcIndexedPolyCurve,IFC_GEOMETRY,OK
0JRFd3$qv8AhsNu8fCCYMM,角型ダクト:00_角タップ:43216026,角型ダクト:00_角タップ,2FL,RECTANGULAR,,959.451,350.0,250.0,250.0,0.335807715,0.335807715,0.335807715,0.654725308,0.0,True,0.0,True,IfcArbitraryClosedProfileDef,IfcIndexedPolyCurve,IFC_GEOMETRY,OK
0JRFd3$qv8AhsNu8fCCYMe,角型ダクト:00_角タップ:43216036,角型ダクト:00_角タップ,2FL,RECTANGULAR,,323.223,250.0,350.0,350.0,0.080805826,0.080805826,0.080805826,0.401256313,0.0,True,0.0,True,IfcArbitraryClosedProfileDef,IfcIndexedPolyCurve,IFC_GEOMETRY,OK
0JRFd3$qv8AhsNu8fCCYM_,角型ダクト:00_角タップ:43216050,角型ダクト:00_角タップ,2FL,RECTANGULAR,,563.485,350.0,250.0,250.0,0.197219914,0.197219914,0.197219914,0.456742734,0.0,True,0.0,True,IfcArbitraryClosedProfileDef,IfcIndexedPolyCurve,IFC_GEOMETRY,OK
0JRFd3$qv8AhsNu8fCCYGE,角型ダクト:00_角タップ:43216130,角型ダクト:00_角タップ,2FL,RECTANGULAR,,323.223,250.0,350.0,350.0,0.080805826,0.080805826,0.080805826,0.401256313,0.0,True,0.0,True,IfcArbitraryClosedProfileDef,IfcIndexedPolyCurve,IFC_GEOMETRY,OK
0JRFd3$qv8AhsNu8fCCYG2,角型ダクト:00_角タップ:43216142,角型ダクト:00_角タップ,2FL,RECTANGULAR,,2786.454,350.0,250.0,250.0,0.975259041,0.975259041,0.975259041,1.568227201,0.0,True,0.0,True,IfcArbitraryClosedProfileDef,IfcIndexedPolyCurve,IFC_GEOMETRY,OK
0JRFd3$qv8AhsNu8fCCZiB,角型ダクト:00_角タップ:43217415,角型ダクト:00_角タップ,1FL,RECTANGULAR,,350.0,65.437,250.0,250.0,0.022902963,0.022902963,0.022902963,0.207718519,0.0,True,0.0,True,IfcArbitraryClosedProfileDef,IfcIndexedPolyCurve,IFC_GEOMETRY,OK
0JRFd3$qv8AhsNu8fCCZif,角型ダクト:00_角タップ:43217445,角型ダクト:00_角タップ,1FL,RECTANGULAR,,350.0,250.0,464.645,464.645,0.0875,0.0875,0.0875,0.557573593,0.0,True,0.0,True,IfcArbitraryClosedProfileDef,IfcIndexedPolyCurve,IFC_GEOMETRY,OK
0JRFd3$qv8AhsNu8fCCZqJ,角型ダクト:00_角ティー:43217951,角型ダクト:00_角ティー,1FL,RECTANGULAR,,300.0,257.157,200.0,200.0,0.077147186,0.077147186,0.077147186,0.222862915,0.0,True,0.0,True,IfcArbitraryClosedProfileDef,IfcIndexedPolyCurve,IFC_GEOMETRY,OK
0JRFd3$qv8AhsNu8fCCZsZ,角型ダクト:00_角タップ:43218095,角型ダクト:00_角タップ,1FL,RECTANGULAR,,717.157,300.0,200.0,200.0,0.215147186,0.215147186,0.215147186,0.406862915,0.0,True,0.0,True,IfcArbitraryClosedProfileDef,IfcIndexedPolyCurve,IFC_GEOMETRY,OK
0JRFd3$qv8AhsNu8fCCZm2,角型ダクト:00_角ティー:43218190,角型ダクト:00_角ティー,1FL,RECTANGULAR,,300.0,200.0,470.711,470.711,0.06,0.06,0.06,0.470710678,0.0,True,0.0,True,IfcArbitraryClosedProfileDef,IfcIndexedPolyCurve,IFC_GEOMETRY,OK
0JRFd3$qv8AhsNu8fCCZmx,角型ダクト:00_角ティー:43218231,角型ダクト:00_角ティー,1FL,RECTANGULAR,,302.157,300.0,200.0,200.0,0.090647186,0.090647186,0.090647186,0.240862915,0.0,True,0.0,True,IfcArbitraryClosedProfileDef,IfcIndexedPolyCurve,IFC_GEOMETRY,OK
0JRFd3$qv8AhsNu8fCCZnj,角型ダクト:00_角タップ:43218273,角型ダクト:00_角タップ,1FL,RECTANGULAR,,350.0,250.0,464.645,464.645,0.0875,0.0875,0.0875,0.557573593,0.0,True,0.0,True,IfcArbitraryClosedProfileDef,IfcIndexedPolyCurve,IFC_GEOMETRY,OK
0JRFd3$qv8AhsNu8fCCZnr,角型ダクト:00_角タップ:43218297,角型ダクト:00_角タップ,1FL,RECTANGULAR,,1292.987,350.0,250.0,250.0,0.4525455,0.4525455,0.4525455,0.821493572,0.0,True,0.0,True,IfcArbitraryClosedProfileDef,IfcIndexedPolyCurve,IFC_GEOMETRY,OK
0JRFd3$qv8AhsNu8fCCZyY,角型ダクト:00_角タップ:43218478,角型ダクト:00_角タップ,1FL,RECTANGULAR,,300.0,200.0,400.0,400.0,0.06,0.06,0.06,0.4,0.0,True,0.0,True,IfcArbitraryClosedProfileDef,IfcIndexedPolyCurve,IFC_GEOMETRY,OK
0JRFd3$qv8AhsNu8fCCZG5,角型ダクト:00_角ティー:43220233,角型ダクト:00_角ティー,2FL,RECTANGULAR,,919.814,250.0,250.0,250.0,0.229953624,0.229953624,0.229953624,0.584907248,0.0,True,0.0,True,IfcArbitraryClosedProfileDef,IfcIndexedPolyCurve,IFC_GEOMETRY,OK
3Pku4yYzD0QQ1idcbVePe0,角型ダクト:00_角タップ:43223917,角型ダクト:00_角タップ,4FL,RECTANGULAR,,837.0,600.0,400.0,400.0,0.5022,0.5022,0.5022,1.1496,0.0,True,0.0,True,IfcArbitraryClosedProfileDef,IfcIndexedPolyCurve,IFC_GEOMETRY,OK
3Pku4yYzD0QQ1idcbVePhQ,角型ダクト:00_角タップ:43223991,角型ダクト:00_角タップ,4FL,RECTANGULAR,,400.0,269.67,600.0,600.0,0.107867966,0.107867966,0.107867966,0.803603897,0.0,True,0.0,True,IfcArbitraryClosedProfileDef,IfcIndexedPolyCurve,IFC_GEOMETRY,OK
2Kp9TpODXBDQnv6xX8$g$n,角型ダクト:00_角タップ:43230559,角型ダクト:00_角タップ,4FL,RECTANGULAR,,600.0,338.764,400.0,400.0,0.203258159,0.203258159,0.203258159,0.751010879,0.0,True,0.0,True,IfcArbitraryClosedProfileDef,IfcIndexedPolyCurve,IFC_GEOMETRY,OK
2Kp9TpODXBDQnv6xX8$gyC,角型ダクト:00_角タップ:43230626,角型ダクト:00_角タップ,4FL,RECTANGULAR,,400.0,269.67,600.0,600.0,0.107867966,0.107867966,0.107867966,0.803603897,0.0,True,0.0,True,IfcArbitraryClosedProfileDef,IfcIndexedPolyCurve,IFC_GEOMETRY,OK
2Kp9TpODXBDQnv6xX8$hkQ,角型ダクト:00_角タップ:43233588,角型ダクト:00_角タップ,4FL,RECTANGULAR,,943.784,450.0,400.0,400.0,0.424702591,0.424702591,0.424702591,1.115026828,0.0,True,0.0,True,IfcArbitraryClosedProfileDef,IfcIndexedPolyCurve,IFC_GEOMETRY,OK
2Kp9TpODXBDQnv6xX8$hlw,角型ダクト:00_角タップ:43233620,角型ダクト:00_角タップ,4FL,RECTANGULAR,,400.0,269.67,450.0,450.0,0.107867966,0.107867966,0.107867966,0.602702923,0.0,True,0.0,True,IfcArbitraryClosedProfileDef,IfcIndexedPolyCurve,IFC_GEOMETRY,OK
2Kp9TpODXBDQnv6xX8$hjL,角型ダクト:00_角タップ:43233787,角型ダクト:00_角タップ,4FL,RECTANGULAR,,450.0,400.0,729.289,729.289,0.18,0.18,0.18,1.239791847,0.0,True,0.0,True,IfcArbitraryClosedProfileDef,IfcIndexedPolyCurve,IFC_GEOMETRY,OK
2Kp9TpODXBDQnv6xX8$hXd,角型ダクト:00_角タップ:43233993,角型ダクト:00_角タップ,4FL,RECTANGULAR,,513.334,450.0,400.0,400.0,0.231000434,0.231000434,0.231000434,0.770667438,0.0,True,0.0,True,IfcArbitraryClosedProfileDef,IfcIndexedPolyCurve,IFC_GEOMETRY,OK
2Kp9TpODXBDQnv6xX8$hc3,角型ダクト:00_角タップ:43234093,角型ダクト:00_角タップ,4FL,RECTANGULAR,,2145.871,450.0,400.0,400.0,0.965641878,0.965641878,0.965641878,2.076696672,0.0,True,0.0,True,IfcArbitraryClosedProfileDef,IfcIndexedPolyCurve,IFC_GEOMETRY,OK
2Kp9TpODXBDQnv6xX8$hdb,角型ダクト:00_角タップ:43234123,角型ダクト:00_角タップ,4FL,RECTANGULAR,,400.0,128.249,450.0,450.0,0.051299423,0.051299423,0.051299423,0.475423702,0.0,True,0.0,True,IfcArbitraryClosedProfileDef,IfcIndexedPolyCurve,IFC_GEOMETRY,OK
2Kp9TpODXBDQnv6xX8$hab,角型ダクト:00_角タップ:43234187,角型ダクト:00_角タップ,4FL,RECTANGULAR,,400.0,128.249,450.0,450.0,0.051299423,0.051299423,0.051299423,0.475423702,0.0,True,0.0,True,IfcArbitraryClosedProfileDef,IfcIndexedPolyCurve,IFC_GEOMETRY,OK
2Kp9TpODXBDQnv6xX8$h3O,角型ダクト:00_角タップ:43235958,角型ダクト:00_角タップ,4FL,RECTANGULAR,,287.868,250.0,350.0,350.0,0.071966991,0.071966991,0.071966991,0.376507576,0.0,True,0.0,True,IfcArbitraryClosedProfileDef,IfcIndexedPolyCurve,IFC_GEOMETRY,OK
2Kp9TpODXBDQnv6xX8$h0j,角型ダクト:00_角タップ:43235971,角型ダクト:00_角タップ,4FL,RECTANGULAR,,1128.581,350.0,250.0,250.0,0.395003366,0.395003366,0.395003366,0.739290522,0.0,True,0.0,True,IfcArbitraryClosedProfileDef,IfcIndexedPolyCurve,IFC_GEOMETRY,OK
2Kp9TpODXBDQnv6xX8$h0Q,角型ダクト:00_角タップ:43236020,角型ダクト:00_角タップ,4FL,RECTANGULAR,,287.868,250.0,350.0,350.0,0.071966991,0.071966991,0.071966991,0.376507576,0.0,True,0.0,True,IfcArbitraryClosedProfileDef,IfcIndexedPolyCurve,IFC_GEOMETRY,OK
2Kp9TpODXBDQnv6xX8$hI1,角型ダクト:00_角タップ:43236911,角型ダクト:00_角タップ,4FL,RECTANGULAR,,841.044,300.0,400.0,400.0,0.25231333,0.25231333,0.25231333,0.912835546,0.0,True,0.0,True,IfcArbitraryClosedProfileDef,IfcIndexedPolyCurve,IFC_GEOMETRY,OK
2Kp9TpODXBDQnv6xX8$hJb,角型ダクト:00_角タップ:43236939,角型ダクト:00_角タップ,4FL,RECTANGULAR,,300.0,128.249,400.0,400.0,0.038474567,0.038474567,0.038474567,0.342598846,0.0,True,0.0,True,IfcArbitraryClosedProfileDef,IfcIndexedPolyCurve,IFC_GEOMETRY,OK
2Kp9TpODXBDQnv6xX8$hJw,角型ダクト:00_角タップ:43236948,角型ダクト:00_角タップ,4FL,RECTANGULAR,,1661.813,300.0,400.0,400.0,0.498543852,0.498543852,0.498543852,1.569450271,0.0,True,0.0,True,IfcArbitraryClosedProfileDef,IfcIndexedPolyCurve,IFC_GEOMETRY,OK
2Kp9TpODXBDQnv6xX8$hJp,角型ダクト:00_角タップ:43236957,角型ダクト:00_角タップ,4FL,RECTANGULAR,,300.0,128.249,400.0,400.0,0.038474567,0.038474567,0.038474567,0.342598846,0.0,True,0.0,True,IfcArbitraryClosedProfileDef,IfcIndexedPolyCurve,IFC_GEOMETRY,OK
2Kp9TpODXBDQnv6xX8$igv,角型ダクト:00_角ティー:43237399,角型ダクト:00_角ティー,4FL,RECTANGULAR,,2544.254,350.0,250.0,250.0,0.890488953,0.890488953,0.890488953,1.447127075,0.0,True,0.0,True,IfcArbitraryClosedProfileDef,IfcIndexedPolyCurve,IFC_GEOMETRY,OK
2Kp9TpODXBDQnv6xX8$iuR,角型ダクト:00_角タップ:43238581,角型ダクト:00_角タップ,4FL,RECTANGULAR,,323.223,250.0,350.0,350.0,0.080805826,0.080805826,0.080805826,0.401256313,0.0,True,0.0,True,IfcArbitraryClosedProfileDef,IfcIndexedPolyCurve,IFC_GEOMETRY,OK
2Kp9TpODXBDQnv6xX8$ivy,角型ダクト:00_角タップ:43238610,角型ダクト:00_角タップ,4FL,RECTANGULAR,,350.0,290.657,250.0,250.0,0.101730064,0.101730064,0.101730064,0.320328663,0.0,True,0.0,True,IfcArbitraryClosedProfileDef,IfcIndexedPolyCurve,IFC_GEOMETRY,OK
2Kp9TpODXBDQnv6xX8$i_L,角型ダクト:00_角タップ:43238715,角型ダクト:00_角タップ,4FL,RECTANGULAR,,323.223,250.0,350.0,350.0,0.080805826,0.080805826,0.080805826,0.401256313,0.0,True,0.0,True,IfcArbitraryClosedProfileDef,IfcIndexedPolyCurve,IFC_GEOMETRY,OK
033YP7kWXCshUrhDsK59t5,角型ダクト:00_角タップ:43239699,角型ダクト:00_角タップ,4FL,RECTANGULAR,,750.0,660.0,450.0,450.0,0.495,0.495,0.495,1.269,0.0,True,0.0,True,IfcArbitraryClosedProfileDef,IfcIndexedPolyCurve,IFC_GEOMETRY,OK
033YP7kWXCshUrhDsK59xP,角型ダクト:00_角タップ:43239951,角型ダクト:00_角タップ,4FL,RECTANGULAR,,399.351,350.0,250.0,250.0,0.139772904,0.139772904,0.139772904,0.374675578,0.0,True,0.0,True,IfcArbitraryClosedProfileDef,IfcIndexedPolyCurve,IFC_GEOMETRY,OK
033YP7kWXCshUrhDsK59vt,角型ダクト:00_角タップ:43240097,角型ダクト:00_角タップ,4FL,RECTANGULAR,,930.218,350.0,250.0,250.0,0.32557646,0.32557646,0.32557646,0.640109228,0.0,True,0.0,True,IfcArbitraryClosedProfileDef,IfcIndexedPolyCurve,IFC_GEOMETRY,OK
033YP7kWXCshUrhDsK59_o,角型ダクト:00_角タップ:43240292,角型ダクト:00_角タップ,4FL,RECTANGULAR,,350.0,250.0,464.645,464.645,0.0875,0.0875,0.0875,0.557573593,0.0,True,0.0,True,IfcArbitraryClosedProfileDef,IfcIndexedPolyCurve,IFC_GEOMETRY,OK
033YP7kWXCshUrhDsK59Z8,角型ダクト:00_角ティー:43240478,角型ダクト:00_角ティー,4FL,RECTANGULAR,,400.0,82.598,300.0,300.0,0.033039263,0.033039263,0.033039263,0.289558894,0.0,True,0.0,True,IfcArbitraryClosedProfileDef,IfcIndexedPolyCurve,IFC_GEOMETRY,OK
033YP7kWXCshUrhDsK59YC,角型ダクト:00_角タップ:43240538,角型ダクト:00_角タップ,4FL,RECTANGULAR,,350.0,250.0,464.645,464.645,0.0875,0.0875,0.0875,0.557573593,0.0,True,0.0,True,IfcArbitraryClosedProfileDef,IfcIndexedPolyCurve,IFC_GEOMETRY,OK
033YP7kWXCshUrhDsK5BIE,角型ダクト:00_角ティー:43245656,角型ダクト:00_角ティー,2FL,RECTANGULAR,,446.172,350.0,250.0,250.0,0.156160038,0.156160038,0.156160038,0.398085769,0.0,True,0.0,True,IfcArbitraryClosedProfileDef,IfcIndexedPolyCurve,IFC_GEOMETRY,OK
033YP7kWXCshUrhDsK5BGy,角型ダクト:00_角ティー:43245802,角型ダクト:00_角ティー,2FL,RECTANGULAR,,1674.817,350.0,250.0,250.0,0.586186111,0.586186111,0.586186111,1.01240873,0.0,True,0.0,True,IfcArbitraryClosedProfileDef,IfcIndexedPolyCurve,IFC_GEOMETRY,OK
033YP7kWXCshUrhDsK5BLR,角型ダクト:00_角ティー:43245965,角型ダクト:00_角ティー,2FL,RECTANGULAR,,350.0,250.0,464.645,464.645,0.0875,0.0875,0.0875,0.557573593,0.0,True,0.0,True,IfcArbitraryClosedProfileDef,IfcIndexedPolyCurve,IFC_GEOMETRY,OK
033YP7kWXCshUrhDsK5BQo,角型ダクト:00_角ティー:43246180,角型ダクト:00_角ティー,2FL,RECTANGULAR,,350.0,250.0,464.645,464.645,0.0875,0.0875,0.0875,0.557573593,0.0,True,0.0,True,IfcArbitraryClosedProfileDef,IfcIndexedPolyCurve,IFC_GEOMETRY,OK
033YP7kWXCshUrhDsK5BO_,角型ダクト:00_角タップ:43246312,角型ダクト:00_角タップ,3FL,RECTANGULAR,,1393.711,350.0,250.0,250.0,0.487798822,0.487798822,0.487798822,0.871855459,0.0,True,0.0,True,IfcArbitraryClosedProfileDef,IfcIndexedPolyCurve,IFC_GEOMETRY,OK
033YP7kWXCshUrhDsK5BV0,角型ダクト:00_角タップ:43246358,角型ダクト:00_角タップ,3FL,RECTANGULAR,,323.223,250.0,350.0,350.0,0.080805826,0.080805826,0.080805826,0.401256313,0.0,True,0.0,True,IfcArbitraryClosedProfileDef,IfcIndexedPolyCurve,IFC_GEOMETRY,OK
033YP7kWXCshUrhDsK5BVq,角型ダクト:00_角タップ:43246370,角型ダクト:00_角タップ,3FL,RECTANGULAR,,532.701,350.0,250.0,250.0,0.186445182,0.186445182,0.186445182,0.441350259,0.0,True,0.0,True,IfcArbitraryClosedProfileDef,IfcIndexedPolyCurve,IFC_GEOMETRY,OK
033YP7kWXCshUrhDsK5BUG,角型ダクト:00_角タップ:43246406,角型ダクト:00_角タップ,3FL,RECTANGULAR,,323.223,250.0,350.0,350.0,0.080805826,0.080805826,0.080805826,0.401256313,0.0,True,0.0,True,IfcArbitraryClosedProfileDef,IfcIndexedPolyCurve,IFC_GEOMETRY,OK
033YP7kWXCshUrhDsK5B19,角型ダクト:00_角タップ:43246751,角型ダクト:00_角タップ,4FL,RECTANGULAR,,400.0,361.672,300.0,300.0,0.144668942,0.144668942,0.144668942,0.457003413,0.0,True,0.0,True,IfcArbitraryClosedProfileDef,IfcIndexedPolyCurve,IFC_GEOMETRY,OK
033YP7kWXCshUrhDsK5B9Y,角型ダクト:00_角ティー:43247284,角型ダクト:00_角ティー,4FL,RECTANGULAR,,300.0,246.447,400.0,400.0,0.073933983,0.073933983,0.073933983,0.437157288,0.0,True,0.0,True,IfcArbitraryClosedProfileDef,IfcIndexedPolyCurve,IFC_GEOMETRY,OK
033YP7kWXCshUrhDsK5Bv6,角型ダクト:00_角タップ:43248272,角型ダクト:00_角タップ,4FL,RECTANGULAR,,350.0,250.0,464.645,464.645,0.0875,0.0875,0.0875,0.557573593,0.0,True,0.0,True,IfcArbitraryClosedProfileDef,IfcIndexedPolyCurve,IFC_GEOMETRY,OK
033YP7kWXCshUrhDsK5BvA,角型ダクト:00_角タップ:43248284,角型ダクト:00_角タップ,4FL,RECTANGULAR,,1610.28,350.0,250.0,250.0,0.563597868,0.563597868,0.563597868,0.980139812,0.0,True,0.0,True,IfcArbitraryClosedProfileDef,IfcIndexedPolyCurve,IFC_GEOMETRY,OK
0Vfalxg9D9tuI2XXgo5eWm,角型ダクト:00_角タップ:43251288,角型ダクト:00_角タップ,3FL,RECTANGULAR,,300.0,171.111,400.0,400.0,0.051333203,0.051333203,0.051333203,0.376888541,0.0,True,0.0,True,IfcArbitraryClosedProfileDef,IfcIndexedPolyCurve,IFC_GEOMETRY,OK
3fGbJfRID8bxGGgoy8RANC,角型ダクト:00_角ティー:43259254,角型ダクト:00_角ティー,1FL,RECTANGULAR,,1039.199,300.0,200.0,200.0,0.311759572,0.311759572,0.311759572,0.53567943,0.0,True,0.0,True,IfcArbitraryClosedProfileDef,IfcIndexedPolyCurve,IFC_GEOMETRY,OK
3fGbJfRID8bxGGgoy8RAN2,角型ダクト:00_角ティー:43259256,角型ダクト:00_角ティー,1FL,RECTANGULAR,,300.0,62.134,200.0,200.0,0.018640065,0.018640065,0.018640065,0.14485342,0.0,True,0.0,True,IfcArbitraryClosedProfileDef,IfcIndexedPolyCurve,IFC_GEOMETRY,OK
3fGbJfRID8bxGGgoy8RAN3,角型ダクト:00_角ティー:43259257,角型ダクト:00_角ティー,1FL,RECTANGULAR,,300.0,200.0,435.355,435.355,0.06,0.06,0.06,0.435355339,0.0,True,0.0,True,IfcArbitraryClosedProfileDef,IfcIndexedPolyCurve,IFC_GEOMETRY,OK
3fGbJfRID8bxGGgoy8RAN7,角型ダクト:00_角ティー:43259261,角型ダクト:00_角ティー,1FL,RECTANGULAR,,300.0,29.158,200.0,200.0,0.008747301,0.008747301,0.008747301,0.131663069,0.0,True,0.0,True,IfcArbitraryClosedProfileDef,IfcIndexedPolyCurve,IFC_GEOMETRY,OK
3fGbJfRID8bxGGgoy8RAKv,角型ダクト:00_角ティー:43259267,角型ダクト:00_角ティー,1FL,RECTANGULAR,,1104.514,300.0,200.0,200.0,0.331354186,0.331354186,0.331354186,0.561805582,0.0,True,0.0,True,IfcArbitraryClosedProfileDef,IfcIndexedPolyCurve,IFC_GEOMETRY,OK
3gsW8$AzjFsvdGWk86$NtU,角型ダクト:00_角タップ:43260065,角型ダクト:00_角タップ,1FL,RECTANGULAR,,1020.0,550.0,250.0,250.0,0.561,0.561,0.561,0.785,0.0,True,0.0,True,IfcArbitraryClosedProfileDef,IfcIndexedPolyCurve,IFC_GEOMETRY,OK
3gsW8$AzjFsvdGWk86$NtL,角型ダクト:00_角タップ:43260074,角型ダクト:00_角タップ,1FL,RECTANGULAR,,550.0,518.684,250.0,250.0,0.285276246,0.285276246,0.285276246,0.534342042,0.0,True,0.0,True,IfcArbitraryClosedProfileDef,IfcIndexedPolyCurve,IFC_GEOMETRY,OK
3MgbpmL_X5_wSPv2VL9qBv,丸型ダクト:00_丸タップ:43260259,丸型ダクト:00_丸タップ,2FL,ROUND,250.0,,,2345.0,2345.0,0.049087385,0.049080005,0.049080005,1.841758693,0.0,True,0.015038,False,IfcArbitraryClosedProfileDef,IfcIndexedPolyCurve,IFC_GEOMETRY,OK
3MgbpmL_X5_wSPv2VL9q9A,丸型ダクト:00_丸タップ:43260368,丸型ダクト:00_丸タップ,2FL,ROUND,250.0,,,769.211,769.211,0.049087385,0.049080005,0.049080005,0.604137123,0.0,True,0.015038,False,IfcArbitraryClosedProfileDef,IfcIndexedPolyCurve,IFC_GEOMETRY,OK
3MgbpmL_X5_wSPv2VL9q44,丸型ダクト:00_丸タップ:43260574,丸型ダクト:00_丸タップ,2FL,ROUND,250.0,,,832.5,832.5,0.049087385,0.049080005,0.049080005,0.653843971,0.0,True,0.015038,False,IfcArbitraryClosedProfileDef,IfcIndexedPolyCurve,IFC_GEOMETRY,OK
3MgbpmL_X5_wSPv2VL9q29,角型ダクト:00_角タップ:43260691,角型ダクト:00_角タップ,2FL,RECTANGULAR,,750.0,450.0,250.0,250.0,0.3375,0.3375,0.3375,0.6,0.0,True,0.0,True,IfcArbitraryClosedProfileDef,IfcIndexedPolyCurve,IFC_GEOMETRY,OK
3MgbpmL_X5_wSPv2VL9q21,角型ダクト:00_角タップ:43260699,角型ダクト:00_角タップ,2FL,RECTANGULAR,,3300.0,450.0,250.0,250.0,1.485,1.485,1.485,1.875,0.0,True,0.0,True,IfcArbitraryClosedProfileDef,IfcIndexedPolyCurve,IFC_GEOMETRY,OK
3MgbpmL_X5_wSPv2VL9q09,角型ダクト:00_角タップ:43260819,角型ダクト:00_角タップ,2FL,RECTANGULAR,,6627.366,400.0,250.0,250.0,2.650946407,2.650946407,2.650946407,3.513683008,0.0,True,0.0,True,IfcArbitraryClosedProfileDef,IfcIndexedPolyCurve,IFC_GEOMETRY,OK
3MgbpmL_X5_wSPv2VL9q0E,丸型ダクト:00_丸タップ:43260820,丸型ダクト:00_丸タップ,2FL,ROUND,150.0,,,1120.0,1120.0,0.017671459,0.017668802,0.017668802,0.527787566,0.0,True,0.015038,False,IfcArbitraryClosedProfileDef,IfcIndexedPolyCurve,IFC_GEOMETRY,OK
0vJsp3rh5AAgwZ1UcdzwxJ,丸型ダクト:00_丸タップ:43261691,丸型ダクト:00_丸タップ,4FL,ROUND,200.0,,,875.432,875.432,0.031415927,0.031411203,0.031411203,0.550049927,0.0,True,0.015038,False,IfcArbitraryClosedProfileDef,IfcIndexedPolyCurve,IFC_GEOMETRY,OK
0vJsp3rh5AAgwZ1Ucdzwyg,丸型ダクト:00_丸タップ:43261698,丸型ダクト:00_丸タップ,4FL,ROUND,200.0,,,456.096,456.096,0.031415927,0.031411203,0.031411203,0.286573569,0.0,True,0.015038,False,IfcArbitraryClosedProfileDef,IfcIndexedPolyCurve,IFC_GEOMETRY,OK
0vJsp3rh5AAgwZ1Ucdzw$R,角型ダクト:00_角ティー:43261939,角型ダクト:00_角ティー,4FL,RECTANGULAR,,1540.0,400.0,250.0,250.0,0.616,0.616,0.616,0.97,0.0,True,0.0,True,IfcArbitraryClosedProfileDef,IfcIndexedPolyCurve,IFC_GEOMETRY,OK
0vJsp3rh5AAgwZ1Ucdzw$G,角型ダクト:00_角ティー:43261944,角型ダクト:00_角ティー,4FL,RECTANGULAR,,956.096,400.0,250.0,250.0,0.3824384,0.3824384,0.3824384,0.678048,0.0,True,0.0,True,IfcArbitraryClosedProfileDef,IfcIndexedPolyCurve,IFC_GEOMETRY,OK
1fqQ0fvxTE4R8gFiQpdQE3,角型ダクト:00_角ティー:43276785,角型ダクト:00_角ティー,4FL,RECTANGULAR,,1008.821,250.0,250.0,250.0,0.252205265,0.252205265,0.252205265,0.629410531,0.0,True,0.0,True,IfcArbitraryClosedProfileDef,IfcIndexedPolyCurve,IFC_GEOMETRY,OK
1fqQ0fvxTE4R8gFiQpdQE1,角型ダクト:00_角ティー:43276787,角型ダクト:00_角ティー,4FL,RECTANGULAR,,250.0,250.0,924.264,924.264,0.0625,0.0625,0.0625,0.924264069,0.0,True,0.0,True,IfcArbitraryClosedProfileDef,IfcIndexedPolyCurve,IFC_GEOMETRY,OK
1fqQ0fvxTE4R8gFiQpdQE6,角型ダクト:00_角ティー:43276788,角型ダクト:00_角ティー,4FL,RECTANGULAR,,4519.76,250.0,250.0,250.0,1.129939961,1.129939961,1.129939961,2.384879922,0.0,True,0.0,True,IfcArbitraryClosedProfileDef,IfcIndexedPolyCurve,IFC_GEOMETRY,OK
1fqQ0fvxTE4R8gFiQpdQE7,角型ダクト:00_角ティー:43276789,角型ダクト:00_角ティー,4FL,RECTANGULAR,,250.0,250.0,464.645,464.645,0.0625,0.0625,0.0625,0.464644661,0.0,True,0.0,True,IfcArbitraryClosedProfileDef,IfcIndexedPolyCurve,IFC_GEOMETRY,OK
1fqQ0fvxTE4R8gFiQpdQ1q,角型ダクト:00_角ティー:43276806,角型ダクト:00_角ティー,4FL,RECTANGULAR,,1549.52,250.0,250.0,250.0,0.387379905,0.387379905,0.387379905,0.89975981,0.0,True,0.0,True,IfcArbitraryClosedProfileDef,IfcIndexedPolyCurve,IFC_GEOMETRY,OK
1fqQ0fvxTE4R8gFiQpdQ0k,角型ダクト:00_角ティー:43276892,角型ダクト:00_角ティー,4FL,RECTANGULAR,,250.0,62.981,250.0,250.0,0.015745222,0.015745222,0.015745222,0.156490443,0.0,True,0.0,True,IfcArbitraryClosedProfileDef,IfcIndexedPolyCurve,IFC_GEOMETRY,OK
1fqQ0fvxTE4R8gFiQpdQ0G,角型ダクト:00_角ティー:43276898,角型ダクト:00_角ティー,4FL,RECTANGULAR,,1520.06,250.0,250.0,250.0,0.380015091,0.380015091,0.380015091,0.885030183,0.0,True,0.0,True,IfcArbitraryClosedProfileDef,IfcIndexedPolyCurve,IFC_GEOMETRY,OK
2EeGCWeIP3LfnTIGfxCHBU,丸型ダクト:00_丸タップ:43278475,丸型ダクト:00_丸タップ,4FL,ROUND,300.0,,,1272.374,1272.374,0.070685835,0.070675207,0.070675207,1.199184695,0.0,True,0.015038,False,IfcArbitraryClosedProfileDef,IfcIndexedPolyCurve,IFC_GEOMETRY,OK
2EeGCWeIP3LfnTIGfxCHDP,丸型ダクト:00_丸タップ:43278604,丸型ダクト:00_丸タップ,4FL,ROUND,250.0,,,325.0,325.0,0.049087385,0.049080005,0.049080005,0.255254403,0.0,True,0.015038,False,IfcArbitraryClosedProfileDef,IfcIndexedPolyCurve,IFC_GEOMETRY,OK
2EeGCWeIP3LfnTIGfxCHDd,丸型ダクト:00_丸タップ:43278642,丸型ダクト:00_丸タップ,4FL,ROUND,200.0,,,305.0,305.0,0.031415927,0.031411203,0.031411203,0.191637152,0.0,True,0.015038,False,IfcArbitraryClosedProfileDef,IfcIndexedPolyCurve,IFC_GEOMETRY,OK
0_FX$X5IjEjfa5cPFXfTQ7,丸型ダクト:00_丸タップ:43280298,丸型ダクト:00_丸タップ,2FL,ROUND,250.0,,,370.705,370.705,0.049087385,0.049080005,0.049080005,0.291150856,0.0,True,0.015038,False,IfcArbitraryClosedProfileDef,IfcIndexedPolyCurve,IFC_GEOMETRY,OK
0_FX$X5IjEjfa5cPFXfTQ6,丸型ダクト:00_丸タップ:43280299,丸型ダクト:00_丸タップ,2FL,ROUND,250.0,,,700.0,700.0,0.049087385,0.049080005,0.049080005,0.549778714,0.0,True,0.015038,False,IfcArbitraryClosedProfileDef,IfcIndexedPolyCurve,IFC_GEOMETRY,OK
0_FX$X5IjEjfa5cPFXfTQ1,丸型ダクト:00_丸タップ:43280300,丸型ダクト:00_丸タップ,2FL,ROUND,250.0,,,1504.081,1504.081,0.049087385,0.049080005,0.049080005,1.181302347,0.0,True,0.015038,False,IfcArbitraryClosedProfileDef,IfcIndexedPolyCurve,IFC_GEOMETRY,OK
0_FX$X5IjEjfa5cPFXfTQ0,丸型ダクト:00_丸タップ:43280301,丸型ダクト:00_丸タップ,2FL,ROUND,250.0,,,155.0,155.0,0.049087385,0.049080005,0.049080005,0.121736715,0.0,True,0.015038,False,IfcArbitraryClosedProfileDef,IfcIndexedPolyCurve,IFC_GEOMETRY,OK
0_FX$X5IjEjfa5cPFXfTbk,丸型ダクト:00_丸タップ:43280451,丸型ダクト:00_丸タップ,2FL,ROUND,200.0,,,3872.956,3872.956,0.031415927,0.031411203,0.031411203,2.433450318,0.0,True,0.015038,False,IfcArbitraryClosedProfileDef,IfcIndexedPolyCurve,IFC_GEOMETRY,OK
0_FX$X5IjEjfa5cPFXfTbf,丸型ダクト:00_丸タップ:43280452,丸型ダクト:00_丸タップ,2FL,ROUND,150.0,,,583.76,583.76,0.017671459,0.017668802,0.017668802,0.275090622,0.0,True,0.015038,False,IfcArbitraryClosedProfileDef,IfcIndexedPolyCurve,IFC_GEOMETRY,OK
0_FX$X5IjEjfa5cPFXfTbe,丸型ダクト:00_丸タップ:43280453,丸型ダクト:00_丸タップ,2FL,ROUND,150.0,,,583.76,583.76,0.017671459,0.017668802,0.017668802,0.275090622,0.0,True,0.015038,False,IfcArbitraryClosedProfileDef,IfcIndexedPolyCurve,IFC_GEOMETRY,OK
0_FX$X5IjEjfa5cPFXfTb7,丸型ダクト:00_丸タップ:43280490,丸型ダクト:00_丸タップ,2FL,ROUND,150.0,,,1476.363,1476.363,0.017671459,0.017668802,0.017668802,0.695719892,0.0,True,0.015038,False,IfcArbitraryClosedProfileDef,IfcIndexedPolyCurve,IFC_GEOMETRY,OK
0_FX$X5IjEjfa5cPFXfTb6,丸型ダクト:00_丸タップ:43280491,丸型ダクト:00_丸タップ,2FL,ROUND,150.0,,,1476.363,1476.363,0.017671459,0.017668802,0.017668802,0.695719892,0.0,True,0.015038,False,IfcArbitraryClosedProfileDef,IfcIndexedPolyCurve,IFC_GEOMETRY,OK
0_FX$X5IjEjfa5cPFXfTb1,丸型ダクト:00_丸タップ:43280492,丸型ダクト:00_丸タップ,2FL,ROUND,150.0,,,1476.363,1476.363,0.017671459,0.017668802,0.017668802,0.695719892,0.0,True,0.015038,False,IfcArbitraryClosedProfileDef,IfcIndexedPolyCurve,IFC_GEOMETRY,OK
0_FX$X5IjEjfa5cPFXfTWU,丸型ダクト:00_丸タップ:43280691,丸型ダクト:00_丸タップ,2FL,ROUND,250.0,,,690.507,690.507,0.049087385,0.049080005,0.049080005,0.542322623,0.0,True,0.015038,False,IfcArbitraryClosedProfileDef,IfcIndexedPolyCurve,IFC_GEOMETRY,OK
0_FX$X5IjEjfa5cPFXfTi1,角型ダクト:00_角タップ:43280940,角型ダクト:00_角タップ,2FL,RECTANGULAR,,7040.0,400.0,250.0,250.0,2.816,2.816,2.816,3.72,0.0,True,0.0,True,IfcArbitraryClosedProfileDef,IfcIndexedPolyCurve,IFC_GEOMETRY,OK
0_FX$X5IjEjfa5cPFXfTkq,角型ダクト:00_角タップ:43281049,角型ダクト:00_角タップ,2FL,RECTANGULAR,,7040.0,400.0,250.0,250.0,2.816,2.816,2.816,3.72,0.0,True,0.0,True,IfcArbitraryClosedProfileDef,IfcIndexedPolyCurve,IFC_GEOMETRY,OK
0_FX$X5IjEjfa5cPFXfTsk,丸型ダクト:00_丸タップ:43281539,丸型ダクト:00_丸タップ,2FL,ROUND,250.0,,,300.031,300.031,0.049087385,0.049080005,0.049080005,0.235643919,0.0,True,0.015038,False,IfcArbitraryClosedProfileDef,IfcIndexedPolyCurve,IFC_GEOMETRY,OK
0_FX$X5IjEjfa5cPFXfTm9,丸型ダクト:00_丸タップ:43281700,丸型ダクト:00_丸タップ,2FL,ROUND,200.0,,,952.475,952.475,0.031415927,0.031411203,0.031411203,0.598457628,0.0,True,0.015038,False,IfcArbitraryClosedProfileDef,IfcIndexedPolyCurve,IFC_GEOMETRY,OK
0_FX$X5IjEjfa5cPFXfTm3,丸型ダクト:00_丸タップ:43281710,丸型ダクト:00_丸タップ,2FL,ROUND,200.0,,,952.475,952.475,0.031415927,0.031411203,0.031411203,0.598457628,0.0,True,0.015038,False,IfcArbitraryClosedProfileDef,IfcIndexedPolyCurve,IFC_GEOMETRY,OK
0_FX$X5IjEjfa5cPFXfS$2,角型ダクト:00_角タップ:43286255,角型ダクト:00_角タップ,1FL,RECTANGULAR,,5718.543,400.0,250.0,250.0,2.287417269,2.287417269,2.287417269,3.059271586,0.0,True,0.0,True,IfcArbitraryClosedProfileDef,IfcIndexedPolyCurve,IFC_GEOMETRY,OK
0_FX$X5IjEjfa5cPFXfJD1,角型ダクト:00_角タップ:43287148,角型ダクト:00_角タップ,1FL,RECTANGULAR,,2080.0,550.0,250.0,250.0,1.144,1.144,1.144,1.315,0.0,True,0.0,True,IfcArbitraryClosedProfileDef,IfcIndexedPolyCurve,IFC_GEOMETRY,OK
1UvjyJsubCqvxfV7N9tNkR,角型ダクト:00_角タップ:43401444,角型ダクト:00_角タップ,1FL,RECTANGULAR,,800.0,15.323,350.0,350.0,0.012258254,0.012258254,0.012258254,0.570725973,0.0,True,0.0,True,IfcArbitraryClosedProfileDef,IfcIndexedPolyCurve,IFC_GEOMETRY,OK
1UvjyJsubCqvxfV7N9tNkI,角型ダクト:00_角タップ:43401453,角型ダクト:00_角タップ,2FL,RECTANGULAR,,800.0,370.0,350.0,350.0,0.296,0.296,0.296,0.819,0.0,True,0.0,True,IfcArbitraryClosedProfileDef,IfcIndexedPolyCurve,IFC_GEOMETRY,OK
1UvjyJsubCqvxfV7N9tNeT,角型ダクト:00_角タップ:43401570,角型ダクト:00_角タップ,4FL,RECTANGULAR,,900.0,370.0,350.0,350.0,0.333,0.333,0.333,0.889,0.0,True,0.0,True,IfcArbitraryClosedProfileDef,IfcIndexedPolyCurve,IFC_GEOMETRY,OK
1UvjyJsubCqvxfV7N9tNeM,角型ダクト:00_角タップ:43401577,角型ダクト:00_角タップ,3FL,RECTANGULAR,,1200.0,506.501,350.0,350.0,0.607801536,0.607801536,0.607801536,1.194550896,0.0,True,0.0,True,IfcArbitraryClosedProfileDef,IfcIndexedPolyCurve,IFC_GEOMETRY,OK
3FNTHHzhHDgfOs0Tf0lXtS,角型ダクト:00_角タップ:43409451,角型ダクト:00_角タップ,4FL,RECTANGULAR,,417.0,350.0,250.0,250.0,0.14595,0.14595,0.14595,0.3835,0.0,True,0.0,True,IfcArbitraryClosedProfileDef,IfcIndexedPolyCurve,IFC_GEOMETRY,OK
3FNTHHzhHDgfOs0Tf0lXrE,角型ダクト:00_角タップ:43409593,角型ダクト:00_角タップ,4FL,RECTANGULAR,,1065.764,600.0,400.0,400.0,0.639458689,0.639458689,0.639458689,1.332611585,0.0,True,0.0,True,IfcArbitraryClosedProfileDef,IfcIndexedPolyCurve,IFC_GEOMETRY,OK
3FNTHHzhHDgfOs0Tf0lXnc,角型ダクト:00_角タップ:43409809,角型ダクト:00_角タップ,4FL,RECTANGULAR,,1739.893,350.0,250.0,250.0,0.608962627,0.608962627,0.608962627,1.044946609,0.0,True,0.0,True,IfcArbitraryClosedProfileDef,IfcIndexedPolyCurve,IFC_GEOMETRY,OK
1$n_M8GHP6FB0G1EtnBgya,丸型ダクト:00_丸タップ:43437068,丸型ダクト:00_丸タップ,1FL,ROUND,200.0,,,113.561,113.561,0.031415927,0.031411203,0.031411203,0.071352363,0.0,True,0.015038,False,IfcArbitraryClosedProfileDef,IfcIndexedPolyCurve,IFC_GEOMETRY,OK
1$n_M8GHP6FB0G1EtnBgyt,丸型ダクト:00_丸タップ:43437087,丸型ダクト:00_丸タップ,1FL,ROUND,150.0,,,113.561,113.561,0.017671459,0.017668802,0.017668802,0.053514272,0.0,True,0.015038,False,IfcArbitraryClosedProfileDef,IfcIndexedPolyCurve,IFC_GEOMETRY,OK
1$n_M8GHP6FB0G1EtnBgy7,丸型ダクト:00_丸タップ:43437103,丸型ダクト:00_丸タップ,1FL,ROUND,250.0,,,3709.624,3709.624,0.049087385,0.049080005,0.049080005,2.913531616,0.0,True,0.015038,False,IfcArbitraryClosedProfileDef,IfcIndexedPolyCurve,IFC_GEOMETRY,OK
1$n_M8GHP6FB0G1EtnBg$4,丸型ダクト:00_丸タップ:43437292,丸型ダクト:00_丸タップ,2FL,ROUND,200.0,,,230.777,230.777,0.031415927,0.031411203,0.031411203,0.145001264,0.0,True,0.015038,False,IfcArbitraryClosedProfileDef,IfcIndexedPolyCurve,IFC_GEOMETRY,OK
1$n_M8GHP6FB0G1EtnBguO,丸型ダクト:00_丸タップ:43437360,丸型ダクト:00_丸タップ,2FL,ROUND,250.0,,,284.956,284.956,0.049087385,0.049080005,0.049080005,0.223804223,0.0,True,0.015038,False,IfcArbitraryClosedProfileDef,IfcIndexedPolyCurve,IFC_GEOMETRY,OK
1$n_M8GHP6FB0G1EtnBgvf,角型ダクト:00_角ティー:43437377,角型ダクト:00_角ティー,2FL,RECTANGULAR,,1265.0,500.0,200.0,200.0,0.6325,0.6325,0.6325,0.706,0.0,True,0.0,True,IfcArbitraryClosedProfileDef,IfcIndexedPolyCurve,IFC_GEOMETRY,OK
1$n_M8GHP6FB0G1EtnBgxC,角型ダクト:00_角タップ:43437540,角型ダクト:00_角タップ,3FL,RECTANGULAR,,400.0,323.261,250.0,250.0,0.129304219,0.129304219,0.129304219,0.361630274,0.0,True,0.0,True,IfcArbitraryClosedProfileDef,IfcIndexedPolyCurve,IFC_GEOMETRY,OK
1$n_M8GHP6FB0G1EtnBgmU,角型ダクト:00_角タップ:43437878,角型ダクト:00_角タップ,4FL,RECTANGULAR,,2120.817,400.0,250.0,250.0,0.848326921,0.848326921,0.848326921,1.260408651,0.0,True,0.0,True,IfcArbitraryClosedProfileDef,IfcIndexedPolyCurve,IFC_GEOMETRY,OK
1$n_M8GHP6FB0G1EtnBhCW,丸型ダクト:00_丸タップ:43438088,丸型ダクト:00_丸タップ,4FL,ROUND,200.0,,,356.954,356.954,0.031415927,0.031411203,0.031411203,0.224280929,0.0,True,0.015038,False,IfcArbitraryClosedProfileDef,IfcIndexedPolyCurve,IFC_GEOMETRY,OK
1$n_M8GHP6FB0G1EtnBhCq,丸型ダクト:00_丸タップ:43438108,丸型ダクト:00_丸タップ,4FL,ROUND,200.0,,,356.954,356.954,0.031415927,0.031411203,0.031411203,0.224280929,0.0,True,0.015038,False,IfcArbitraryClosedProfileDef,IfcIndexedPolyCurve,IFC_GEOMETRY,OK
1$n_M8GHP6FB0G1EtnBhD9,丸型ダクト:00_丸タップ:43438177,丸型ダクト:00_丸タップ,2FL,ROUND,200.0,,,223.322,223.322,0.031415927,0.031411203,0.031411203,0.140317561,0.0,True,0.015038,False,IfcArbitraryClosedProfileDef,IfcIndexedPolyCurve,IFC_GEOMETRY,OK
1$n_M8GHP6FB0G1EtnBhDT,丸型ダクト:00_丸タップ:43438197,丸型ダクト:00_丸タップ,2FL,ROUND,200.0,,,187.5,187.5,0.031415927,0.031411203,0.031411203,0.117809725,0.0,True,0.015038,False,IfcArbitraryClosedProfileDef,IfcIndexedPolyCurve,IFC_GEOMETRY,OK
1$n_M8GHP6FB0G1EtnBhAG,丸型ダクト:00_丸タップ:43438520,丸型ダクト:00_丸タップ,5FL,ROUND,300.0,,,306.435,306.435,0.070685835,0.070675207,0.070675207,0.288808386,0.0,True,0.015038,False,IfcArbitraryClosedProfileDef,IfcIndexedPolyCurve,IFC_GEOMETRY,OK
1$n_M8GHP6FB0G1EtnBh4p,丸型ダクト:00_丸タップ:43438619,丸型ダクト:00_丸タップ,5FL,ROUND,250.0,,,485.654,485.654,0.049087385,0.049080005,0.049080005,0.381432099,0.0,True,0.015038,False,IfcArbitraryClosedProfileDef,IfcIndexedPolyCurve,IFC_GEOMETRY,OK
3L33qB849EC9vLNY3q0THo,丸型ダクト:00_丸タップ:43438704,丸型ダクト:00_丸タップ,1FL,ROUND,200.0,,,228.377,228.377,0.031415927,0.031411203,0.031411203,0.143493585,0.0,True,0.015038,False,IfcArbitraryClosedProfileDef,IfcIndexedPolyCurve,IFC_GEOMETRY,OK
3L33qB849EC9vLNY3q0TI7,丸型ダクト:00_丸タップ:43438725,丸型ダクト:00_丸タップ,1FL,ROUND,250.0,,,208.331,208.331,0.049087385,0.049080005,0.049080005,0.163623153,0.0,True,0.015038,False,IfcArbitraryClosedProfileDef,IfcIndexedPolyCurve,IFC_GEOMETRY,OK
3L33qB849EC9vLNY3q0TIP,丸型ダクト:00_丸タップ:43438747,丸型ダクト:00_丸タップ,1FL,ROUND,200.0,,,888.896,888.896,0.031415927,0.031411203,0.031411203,0.558510094,0.0,True,0.015038,False,IfcArbitraryClosedProfileDef,IfcIndexedPolyCurve,IFC_GEOMETRY,OK
335rJ9jBT8URmfYA$e7coq,丸型ダクト:00_丸タップ:43439022,丸型ダクト:00_丸タップ,2FL,ROUND,150.0,,,6965.355,6965.355,0.017671459,0.017668802,0.017668802,3.282346374,0.0,True,0.015038,False,IfcArbitraryClosedProfileDef,IfcIndexedPolyCurve,IFC_GEOMETRY,OK
335rJ9jBT8URmfYA$e7coj,丸型ダクト:00_丸タップ:43439031,丸型ダクト:00_丸タップ,2FL,ROUND,150.0,,,2550.0,2550.0,0.017671459,0.017668802,0.017668802,1.20165919,0.0,True,0.015038,False,IfcArbitraryClosedProfileDef,IfcIndexedPolyCurve,IFC_GEOMETRY,OK
335rJ9jBT8URmfYA$e7coc,丸型ダクト:00_丸タップ:43439036,丸型ダクト:00_丸タップ,2FL,ROUND,150.0,,,385.151,385.151,0.017671459,0.017668802,0.017668802,0.181498227,0.0,True,0.015038,False,IfcArbitraryClosedProfileDef,IfcIndexedPolyCurve,IFC_GEOMETRY,OK
335rJ9jBT8URmfYA$e7cpp,丸型ダクト:00_丸タップ:43439081,丸型ダクト:00_丸タップ,2FL,ROUND,200.0,,,2675.0,2675.0,0.031415927,0.031411203,0.031411203,1.68075207,0.0,True,0.015038,False,IfcArbitraryClosedProfileDef,IfcIndexedPolyCurve,IFC_GEOMETRY,OK
335rJ9jBT8URmfYA$e7cpW,丸型ダクト:00_丸タップ:43439098,丸型ダクト:00_丸タップ,2FL,ROUND,200.0,,,5755.179,5755.179,0.031415927,0.031411203,0.031411203,3.616085625,0.0,True,0.015038,False,IfcArbitraryClosedProfileDef,IfcIndexedPolyCurve,IFC_GEOMETRY,OK
335rJ9jBT8URmfYA$e7ciH,丸型ダクト:00_丸タップ:43439115,丸型ダクト:00_丸タップ,2FL,ROUND,250.0,,,4651.433,4651.433,0.049087385,0.049080005,0.049080005,3.653226907,0.0,True,0.015038,False,IfcArbitraryClosedProfileDef,IfcIndexedPolyCurve,IFC_GEOMETRY,OK
335rJ9jBT8URmfYA$e7ci3,丸型ダクト:00_丸タップ:43439129,丸型ダクト:00_丸タップ,2FL,ROUND,250.0,,,3603.25,3603.25,0.049087385,0.049080005,0.049080005,2.829985721,0.0,True,0.015038,False,IfcArbitraryClosedProfileDef,IfcIndexedPolyCurve,IFC_GEOMETRY,OK
335rJ9jBT8URmfYA$e7cit,丸型ダクト:00_丸タップ:43439149,丸型ダクト:00_丸タップ,2FL,ROUND,250.0,,,4574.45,4574.45,0.049087385,0.049080005,0.049080005,3.592764953,0.0,True,0.015038,False,IfcArbitraryClosedProfileDef,IfcIndexedPolyCurve,IFC_GEOMETRY,OK
335rJ9jBT8URmfYA$e7ciX,丸型ダクト:00_丸タップ:43439163,丸型ダクト:00_丸タップ,2FL,ROUND,250.0,,,3603.25,3603.25,0.049087385,0.049080005,0.049080005,2.829985721,0.0,True,0.015038,False,IfcArbitraryClosedProfileDef,IfcIndexedPolyCurve,IFC_GEOMETRY,OK
335rJ9jBT8URmfYA$e7cj8,丸型ダクト:00_丸タップ:43439186,丸型ダクト:00_丸タップ,2FL,ROUND,150.0,,,120.0,120.0,0.017671459,0.017668802,0.017668802,0.056548668,0.0,True,0.015038,False,IfcArbitraryClosedProfileDef,IfcIndexedPolyCurve,IFC_GEOMETRY,OK
335rJ9jBT8URmfYA$e7cju,丸型ダクト:00_丸タップ:43439202,丸型ダクト:00_丸タップ,2FL,ROUND,150.0,,,5170.355,5170.355,0.017671459,0.017668802,0.017668802,2.436472552,0.0,True,0.015038,False,IfcArbitraryClosedProfileDef,IfcIndexedPolyCurve,IFC_GEOMETRY,OK
1WOL4TTSX6OO2eipxs56xm,丸型ダクト:00_丸タップ:43439411,丸型ダクト:00_丸タップ,3FL,ROUND,250.0,,,3687.704,3687.704,0.049087385,0.049080005,0.049080005,2.896315882,0.0,True,0.015038,False,IfcArbitraryClosedProfileDef,IfcIndexedPolyCurve,IFC_GEOMETRY,OK
1WOL4TTSX6OO2eipxs56wu,丸型ダクト:00_丸タップ:43439483,丸型ダクト:00_丸タップ,3FL,ROUND,200.0,,,167.253,167.253,0.031415927,0.031411203,0.031411203,0.105087868,0.0,True,0.015038,False,IfcArbitraryClosedProfileDef,IfcIndexedPolyCurve,IFC_GEOMETRY,OK
1WOL4TTSX6OO2eipxs56vQ,丸型ダクト:00_丸タップ:43439513,丸型ダクト:00_丸タップ,3FL,ROUND,250.0,,,70.546,70.546,0.049087385,0.049080005,0.049080005,0.055406554,0.0,True,0.015038,False,IfcArbitraryClosedProfileDef,IfcIndexedPolyCurve,IFC_GEOMETRY,OK
1WOL4TTSX6OO2eipxs56ud,丸型ダクト:00_丸タップ:43439588,丸型ダクト:00_丸タップ,3FL,ROUND,150.0,,,5209.625,5209.625,0.017671459,0.017668802,0.017668802,2.454978045,0.0,True,0.015038,False,IfcArbitraryClosedProfileDef,IfcIndexedPolyCurve,IFC_GEOMETRY,OK
1WOL4TTSX6OO2eipxs56s2,丸型ダクト:00_丸タップ:43439681,丸型ダクト:00_丸タップ,4FL,ROUND,200.0,,,144.753,144.753,0.031415927,0.031411203,0.031411203,0.090950701,0.0,True,0.015038,False,IfcArbitraryClosedProfileDef,IfcIndexedPolyCurve,IFC_GEOMETRY,OK
1WOL4TTSX6OO2eipxs56sL,丸型ダクト:00_丸タップ:43439702,丸型ダクト:00_丸タップ,4FL,ROUND,250.0,,,3665.204,3665.204,0.049087385,0.049080005,0.049080005,2.878644424,0.0,True,0.015038,False,IfcArbitraryClosedProfileDef,IfcIndexedPolyCurve,IFC_GEOMETRY,OK
1WOL4TTSX6OO2eipxs56sf,丸型ダクト:00_丸タップ:43439722,丸型ダクト:00_丸タップ,4FL,ROUND,250.0,,,3665.204,3665.204,0.049087385,0.049080005,0.049080005,2.878644424,0.0,True,0.015038,False,IfcArbitraryClosedProfileDef,IfcIndexedPolyCurve,IFC_GEOMETRY,OK
1WOL4TTSX6OO2eipxs56rk,丸型ダクト:00_丸タップ:43439789,丸型ダクト:00_丸タップ,4FL,ROUND,250.0,,,356.954,356.954,0.049087385,0.049080005,0.049080005,0.280351161,0.0,True,0.015038,False,IfcArbitraryClosedProfileDef,IfcIndexedPolyCurve,IFC_GEOMETRY,OK
2$TfcQWpL6aOe_DQW9B4mk,丸型ダクト:00_丸タップ:43439976,丸型ダクト:00_丸タップ,1FL,ROUND,250.0,,,242.68,242.68,0.049087385,0.049080005,0.049080005,0.190600114,0.0,True,0.015038,False,IfcArbitraryClosedProfileDef,IfcIndexedPolyCurve,IFC_GEOMETRY,OK
2$TfcQWpL6aOe_DQW9B4m_,丸型ダクト:00_丸タップ:43439992,丸型ダクト:00_丸タップ,1FL,ROUND,250.0,,,271.211,271.211,0.049087385,0.049080005,0.049080005,0.213008409,0.0,True,0.015038,False,IfcArbitraryClosedProfileDef,IfcIndexedPolyCurve,IFC_GEOMETRY,OK
2$TfcQWpL6aOe_DQW9B4pT,丸型ダクト:00_丸タップ:43440027,丸型ダクト:00_丸タップ,1FL,ROUND,200.0,,,89.287,89.287,0.031415927,0.031411203,0.031411203,0.05610045,0.0,True,0.015038,False,IfcArbitraryClosedProfileDef,IfcIndexedPolyCurve,IFC_GEOMETRY,OK
2$TfcQWpL6aOe_DQW9B4pq,丸型ダクト:00_丸タップ:43440050,丸型ダクト:00_丸タップ,1FL,ROUND,150.0,,,503.575,503.575,0.017671459,0.017668802,0.017668802,0.237304268,0.0,True,0.015038,False,IfcArbitraryClosedProfileDef,IfcIndexedPolyCurve,IFC_GEOMETRY,OK
2$TfcQWpL6aOe_DQW9B4Ee,丸型ダクト:00_丸タップ:43440366,丸型ダクト:00_丸タップ,2FL,ROUND,150.0,,,514.849,514.849,0.017671459,0.017668802,0.017668802,0.242616781,0.0,True,0.015038,False,IfcArbitraryClosedProfileDef,IfcIndexedPolyCurve,IFC_GEOMETRY,OK
2$TfcQWpL6aOe_DQW9B4Ev,丸型ダクト:00_丸タップ:43440383,丸型ダクト:00_丸タップ,2FL,ROUND,250.0,,,380.0,380.0,0.049087385,0.049080005,0.049080005,0.298451302,0.0,True,0.015038,False,IfcArbitraryClosedProfileDef,IfcIndexedPolyCurve,IFC_GEOMETRY,OK
2$TfcQWpL6aOe_DQW9B498,丸型ダクト:00_丸タップ:43440398,丸型ダクト:00_丸タップ,2FL,ROUND,200.0,,,401.231,401.231,0.031415927,0.031411203,0.031411203,0.252100861,0.0,True,0.015038,False,IfcArbitraryClosedProfileDef,IfcIndexedPolyCurve,IFC_GEOMETRY,OK
2$TfcQWpL6aOe_DQW9B49W,丸型ダクト:00_丸タップ:43440422,丸型ダクト:00_丸タップ,2FL,ROUND,250.0,,,280.0,280.0,0.049087385,0.049080005,0.049080005,0.219911486,0.0,True,0.015038,False,IfcArbitraryClosedProfileDef,IfcIndexedPolyCurve,IFC_GEOMETRY,OK
